time,apparent_temperature_max (°F),max_temperature,humidity,wind_speed_10m_max (km/h),precipitation_sum (mm),mean_temperature,date,pm25,city
2022-05-01,64.1,65.8,63,17.9,1.0,53.2,2022-05-01,,NY
2022-05-02,57.4,59.1,86,16.5,2.8,53.9,2022-05-02,,NY
2022-05-03,65.0,65.4,82,22.7,0.0,53.1,2022-05-03,,NY
2022-05-04,68.2,69.3,86,18.1,5.3,56.4,2022-05-04,,NY
2022-05-05,72.8,71.6,69,17.6,0.0,60.8,2022-05-05,,NY
2022-05-06,57.2,57.6,88,13.7,21.7,54.5,2022-05-06,,NY
2022-05-07,44.6,51.1,88,33.0,28.6,47.8,2022-05-07,,NY
2022-05-08,44.8,55.4,58,30.4,2.4,49.6,2022-05-08,,NY
2022-05-09,60.0,65.9,45,24.4,0.0,54.2,2022-05-09,,NY
2022-05-10,62.1,68.2,39,24.1,0.0,57.1,2022-05-10,,NY
2022-05-11,68.0,70.3,57,23.3,0.0,58.5,2022-05-11,,NY
2022-05-12,72.1,70.0,84,16.1,0.0,59.9,2022-05-12,,NY
2022-05-13,73.4,70.7,93,14.1,1.8,61.7,2022-05-13,,NY
2022-05-14,72.6,69.4,95,15.8,7.0,62.0,2022-05-14,,NY
2022-05-15,79.9,76.7,90,21.0,1.0,64.5,2022-05-15,,NY
2022-05-16,78.1,73.9,88,24.9,6.9,66.5,2022-05-16,,NY
2022-05-17,66.6,73.9,58,32.5,0.0,64.2,2022-05-17,,NY
2022-05-18,67.5,70.7,53,18.2,0.0,61.5,2022-05-18,,NY
2022-05-19,71.2,71.6,81,13.3,14.1,60.3,2022-05-19,,NY
2022-05-20,71.2,70.8,87,22.3,5.8,61.8,2022-05-20,,NY
2022-05-21,100.2,90.1,81,20.8,0.0,73.8,2022-05-21,,NY
2022-05-22,94.5,87.4,72,18.9,1.1,77.7,2022-05-22,,NY
2022-05-23,69.9,72.8,54,22.6,0.0,66.8,2022-05-23,,NY
2022-05-24,64.5,66.8,72,19.5,0.1,61.1,2022-05-24,,NY
2022-05-25,66.0,66.6,69,19.1,0.0,58.5,2022-05-25,,NY
2022-05-26,65.4,67.6,79,25.4,0.0,60.5,2022-05-26,,NY
2022-05-27,77.7,74.9,89,23.6,12.3,67.6,2022-05-27,,NY
2022-05-28,76.1,73.9,84,21.3,6.8,68.8,2022-05-28,,NY
2022-05-29,76.8,76.5,72,17.6,0.0,66.9,2022-05-29,,NY
2022-05-30,88.9,84.6,74,24.7,0.0,72.0,2022-05-30,,NY
2022-05-31,96.5,92.8,61,17.1,0.0,81.0,2022-05-31,,NY
2022-06-01,73.1,71.1,80,19.1,8.8,64.9,2022-06-01,,NY
2022-06-02,85.4,80.6,85,13.7,7.5,69.5,2022-06-02,,NY
2022-06-03,81.9,76.1,80,19.4,2.2,69.4,2022-06-03,,NY
2022-06-04,81.3,79.8,66,23.1,0.0,68.2,2022-06-04,,NY
2022-06-05,76.0,75.1,54,19.1,0.0,65.6,2022-06-05,,NY
2022-06-06,78.6,79.1,58,23.5,0.0,68.0,2022-06-06,,NY
2022-06-07,74.9,76.5,69,34.2,0.9,67.9,2022-06-07,,NY
2022-06-08,85.1,85.1,74,22.3,0.4,73.4,2022-06-08,,NY
2022-06-09,81.4,82.9,72,29.2,9.4,73.3,2022-06-09,,NY
2022-06-10,76.6,79.3,59,23.6,0.0,69.1,2022-06-10,,NY
2022-06-11,76.9,75.9,65,11.2,0.8,68.7,2022-06-11,,NY
2022-06-12,73.0,73.1,87,24.5,8.3,66.6,2022-06-12,,NY
2022-06-13,88.5,81.8,77,15.5,4.6,73.8,2022-06-13,,NY
2022-06-14,85.3,82.3,57,23.7,0.0,72.8,2022-06-14,,NY
2022-06-15,85.2,80.6,70,27.6,0.0,70.8,2022-06-15,,NY
2022-06-16,73.1,73.8,78,30.0,13.1,68.3,2022-06-16,,NY
2022-06-17,89.0,89.8,63,31.3,0.0,77.5,2022-06-17,,NY
2022-06-18,68.5,71.6,53,31.9,0.0,66.8,2022-06-18,,NY
2022-06-19,63.2,72.1,43,32.5,0.0,63.7,2022-06-19,,NY
2022-06-20,76.2,79.8,48,18.9,0.0,67.7,2022-06-20,,NY
2022-06-21,78.4,79.8,60,13.5,2.1,68.3,2022-06-21,,NY
2022-06-22,68.8,68.9,84,25.5,2.7,65.6,2022-06-22,,NY
2022-06-23,72.3,72.3,80,17.4,1.0,66.8,2022-06-23,,NY
2022-06-24,83.2,78.8,79,21.3,0.6,69.6,2022-06-24,,NY
2022-06-25,95.4,90.6,67,23.3,0.0,76.0,2022-06-25,,NY
2022-06-26,89.7,87.6,65,32.4,0.0,76.9,2022-06-26,,NY
2022-06-27,84.5,80.1,76,24.0,8.5,74.8,2022-06-27,,NY
2022-06-28,81.8,82.3,55,16.0,0.2,72.5,2022-06-28,,NY
2022-06-29,85.6,84.6,63,29.7,0.0,73.1,2022-06-29,,NY
2022-06-30,90.0,89.2,60,23.0,0.0,75.7,2022-06-30,,NY
2022-07-01,94.9,92.9,67,33.9,0.0,79.8,2022-07-01,,NY
2022-07-02,91.2,86.6,76,20.9,14.6,78.6,2022-07-02,,NY
2022-07-03,90.1,88.2,61,17.0,0.1,78.2,2022-07-03,,NY
2022-07-04,86.9,86.4,45,19.1,0.0,75.6,2022-07-04,,NY
2022-07-05,85.8,86.6,66,32.5,0.9,75.8,2022-07-05,,NY
2022-07-06,90.5,89.4,66,21.4,0.1,80.2,2022-07-06,,NY
2022-07-07,81.9,80.8,67,23.7,0.0,75.0,2022-07-07,,NY
2022-07-08,88.9,84.3,78,17.0,1.4,74.6,2022-07-08,,NY
2022-07-09,90.1,85.6,66,24.2,0.0,75.8,2022-07-09,,NY
2022-07-10,84.5,81.2,58,23.2,0.0,73.0,2022-07-10,,NY
2022-07-11,83.8,83.4,66,35.2,0.0,72.8,2022-07-11,,NY
2022-07-12,94.3,93.2,63,36.2,0.6,79.6,2022-07-12,,NY
2022-07-13,94.0,91.1,62,30.0,0.0,80.4,2022-07-13,,NY
2022-07-14,95.8,89.0,60,20.8,0.3,79.6,2022-07-14,,NY
2022-07-15,84.8,83.5,60,20.1,0.1,76.2,2022-07-15,,NY
2022-07-16,87.6,82.1,82,17.7,13.1,74.4,2022-07-16,,NY
2022-07-17,88.2,82.5,80,19.2,1.0,75.6,2022-07-17,,NY
2022-07-18,90.3,86.4,84,24.7,13.0,77.5,2022-07-18,,NY
2022-07-19,95.8,92.8,66,22.2,0.0,80.9,2022-07-19,,NY
2022-07-20,101.0,93.3,63,20.7,0.0,82.9,2022-07-20,,NY
2022-07-21,98.3,92.8,68,25.2,2.6,83.8,2022-07-21,,NY
2022-07-22,98.4,93.7,63,28.9,0.0,81.8,2022-07-22,,NY
2022-07-23,100.4,94.2,62,25.4,0.0,82.9,2022-07-23,,NY
2022-07-24,99.7,96.9,53,29.2,0.0,86.1,2022-07-24,,NY
2022-07-25,94.6,88.9,75,25.5,24.0,81.3,2022-07-25,,NY
2022-07-26,84.9,84.2,59,21.1,0.1,76.7,2022-07-26,,NY
2022-07-27,85.4,82.9,68,20.2,0.0,75.0,2022-07-27,,NY
2022-07-28,95.4,87.4,80,25.1,1.3,79.1,2022-07-28,,NY
2022-07-29,89.1,87.4,66,18.3,0.4,79.9,2022-07-29,,NY
2022-07-30,87.3,90.1,57,22.0,0.8,79.7,2022-07-30,,NY
2022-07-31,85.0,83.8,66,20.0,0.0,76.1,2022-07-31,,NY
2022-08-01,83.6,79.4,77,22.3,7.4,74.2,2022-08-01,,NY
2022-08-02,95.4,92.2,68,16.9,0.0,80.6,2022-08-02,,NY
2022-08-03,94.2,90.6,67,22.2,0.0,78.3,2022-08-03,18.1,NY
2022-08-04,97.2,91.9,67,29.3,0.0,81.0,2022-08-04,17.754166666666666,NY
2022-08-05,98.7,91.3,65,14.0,0.4,82.5,2022-08-05,15.0375,NY
2022-08-06,95.0,90.7,72,27.2,1.2,82.2,2022-08-06,15.320833333333333,NY
2022-08-07,95.2,93.8,72,27.4,5.1,83.1,2022-08-07,8.683333333333334,NY
2022-08-08,98.8,94.5,65,24.0,0.7,85.4,2022-08-08,8.954166666666667,NY
2022-08-09,105.6,99.6,68,19.6,7.1,86.3,2022-08-09,8.354166666666666,NY
2022-08-10,94.5,91.0,70,23.7,0.1,79.7,2022-08-10,11.541666666666666,NY
2022-08-11,90.7,90.2,67,13.5,0.8,79.7,2022-08-11,14.887500000000001,NY
2022-08-12,82.3,84.7,47,23.5,0.0,77.3,2022-08-12,5.245833333333334,NY
2022-08-13,79.4,81.0,49,22.2,0.0,71.9,2022-08-13,6.479166666666667,NY
2022-08-14,79.2,80.8,59,24.9,0.0,72.0,2022-08-14,13.424999999999999,NY
2022-08-15,82.7,81.5,62,17.0,0.1,72.8,2022-08-15,13.670833333333334,NY
2022-08-16,79.3,82.8,64,26.1,0.0,73.1,2022-08-16,13.770833333333334,NY
2022-08-17,79.1,80.8,62,19.6,0.2,72.8,2022-08-17,13.541666666666666,NY
2022-08-18,84.9,87.5,60,16.8,0.1,75.1,2022-08-18,11.745833333333332,NY
2022-08-19,90.0,89.1,57,28.0,0.0,76.3,2022-08-19,11.091666666666667,NY
2022-08-20,92.6,89.2,63,22.2,0.3,78.7,2022-08-20,15.291666666666666,NY
2022-08-21,86.2,82.2,78,22.2,0.0,75.4,2022-08-21,10.654166666666667,NY
2022-08-22,82.2,76.2,88,15.9,17.8,73.4,2022-08-22,10.758333333333333,NY
2022-08-23,90.9,84.6,77,15.6,5.8,75.5,2022-08-23,16.599999999999998,NY
2022-08-24,89.9,88.6,61,13.6,0.0,77.5,2022-08-24,11.641666666666666,NY
2022-08-25,93.4,89.2,60,20.5,0.0,77.9,2022-08-25,13.341666666666667,NY
2022-08-26,90.6,85.2,75,20.7,16.5,76.6,2022-08-26,15.891666666666666,NY
2022-08-27,89.6,85.6,71,13.7,0.0,77.2,2022-08-27,21.974999999999998,NY
2022-08-28,84.6,81.4,83,19.3,1.3,75.1,2022-08-28,21.325,NY
2022-08-29,89.6,83.5,83,25.5,0.2,76.5,2022-08-29,14.245833333333332,NY
2022-08-30,92.1,86.3,82,29.7,1.7,77.7,2022-08-30,8.270833333333334,NY
2022-08-31,83.5,84.2,63,22.9,0.6,76.0,2022-08-31,7.458333333333333,NY
2022-09-01,83.9,86.1,47,19.5,0.0,75.7,2022-09-01,7.070833333333333,NY
2022-09-02,79.9,77.3,64,15.6,0.0,68.9,2022-09-02,7.795833333333333,NY
2022-09-03,83.1,79.4,74,18.4,0.0,71.6,2022-09-03,11.158333333333333,NY
2022-09-04,91.9,86.6,76,12.6,1.3,76.0,2022-09-04,14.183333333333332,NY
2022-09-05,90.4,83.4,81,20.0,5.2,75.9,2022-09-05,18.854166666666668,NY
2022-09-06,78.7,72.4,93,22.5,31.8,70.7,2022-09-06,13.695833333333333,NY
2022-09-07,73.3,73.4,83,22.3,2.3,68.9,2022-09-07,6.445833333333333,NY
2022-09-08,74.9,75.3,76,17.1,0.1,69.4,2022-09-08,10.141666666666667,NY
2022-09-09,79.2,79.6,73,11.6,0.0,69.3,2022-09-09,18.595833333333335,NY
2022-09-10,82.4,81.6,73,14.7,0.0,70.5,2022-09-10,26.570833333333336,NY
2022-09-11,79.8,76.6,83,13.4,15.5,69.9,2022-09-11,20.891666666666666,NY
2022-09-12,87.6,82.4,85,15.6,10.2,73.7,2022-09-12,18.087500000000002,NY
2022-09-13,85.3,79.0,83,18.0,6.9,73.0,2022-09-13,9.475,NY
2022-09-14,78.1,80.5,67,19.7,0.0,69.7,2022-09-14,7.570833333333333,NY
2022-09-15,69.7,72.0,63,18.9,0.0,66.6,2022-09-15,8.416666666666666,NY
2022-09-16,73.0,75.7,64,12.2,0.0,64.3,2022-09-16,13.754166666666668,NY
2022-09-17,75.1,72.8,73,17.4,0.0,67.3,2022-09-17,13.1875,NY
2022-09-18,83.5,84.5,70,20.7,0.0,72.8,2022-09-18,14.966666666666667,NY
2022-09-19,85.8,86.4,69,23.9,1.8,74.1,2022-09-19,18.304166666666667,NY
2022-09-20,76.3,78.7,72,19.6,0.0,70.9,2022-09-20,8.049999999999999,NY
2022-09-21,82.1,79.1,74,20.5,0.0,69.0,2022-09-21,10.4375,NY
2022-09-22,78.6,77.8,73,26.9,7.5,67.8,2022-09-22,10.700000000000001,NY
2022-09-23,52.4,62.1,55,32.5,0.0,56.0,2022-09-23,3.7541666666666664,NY
2022-09-24,65.8,69.5,59,19.1,0.0,58.0,2022-09-24,6.233333333333333,NY
2022-09-25,74.0,76.1,73,22.7,2.4,63.2,2022-09-25,17.349999999999998,NY
2022-09-26,68.9,74.8,67,26.1,0.0,65.0,2022-09-26,11.379166666666668,NY
2022-09-27,64.6,70.7,57,21.5,0.0,62.6,2022-09-27,8.6875,NY
2022-09-28,64.8,70.0,61,19.0,0.0,60.6,2022-09-28,7.220833333333334,NY
2022-09-29,61.9,66.7,63,20.9,0.0,59.6,2022-09-29,4.7375,NY
2022-09-30,57.5,62.3,68,17.4,0.1,57.1,2022-09-30,7.533333333333334,NY
2022-10-01,58.4,63.6,84,32.3,21.7,58.2,2022-10-01,10.454166666666667,NY
2022-10-02,53.8,59.3,69,32.1,12.6,55.6,2022-10-02,5.870833333333334,NY
2022-10-03,45.2,53.6,71,30.3,18.6,50.8,2022-10-03,5.829166666666667,NY
2022-10-04,49.7,55.1,91,31.9,187.2,51.3,2022-10-04,5.329166666666667,NY
2022-10-05,58.7,60.9,90,28.7,7.7,57.3,2022-10-05,5.716666666666666,NY
2022-10-06,71.9,73.0,77,12.1,0.0,60.8,2022-10-06,17.587500000000002,NY
2022-10-07,73.8,75.5,74,17.0,0.2,63.3,2022-10-07,18.120833333333334,NY
2022-10-08,53.6,58.8,61,21.1,0.5,53.2,2022-10-08,6.2749999999999995,NY
2022-10-09,54.3,61.7,66,19.6,0.0,51.6,2022-10-09,10.220833333333333,NY
2022-10-10,62.9,68.0,65,18.3,0.0,55.7,2022-10-10,16.425,NY
2022-10-11,66.0,67.5,75,15.0,0.0,56.1,2022-10-11,23.53333333333333,NY
2022-10-12,63.8,66.7,74,25.5,0.0,57.8,2022-10-12,17.474999999999998,NY
2022-10-13,67.1,69.8,88,28.2,5.6,63.3,2022-10-13,9.879166666666666,NY
2022-10-14,63.4,66.8,74,24.1,8.5,57.3,2022-10-14,14.020833333333334,NY
2022-10-15,61.9,66.4,73,25.3,0.0,56.5,2022-10-15,27.40833333333333,NY
2022-10-16,61.7,64.0,74,13.7,0.0,55.7,2022-10-16,21.425,NY
2022-10-17,63.2,66.1,79,18.0,4.1,58.6,2022-10-17,17.3,NY
2022-10-18,54.7,56.8,59,17.9,0.7,51.4,2022-10-18,7.55,NY
2022-10-19,43.7,54.2,62,27.0,0.0,47.2,2022-10-19,8.066666666666666,NY
2022-10-20,47.9,58.0,61,26.4,0.0,49.4,2022-10-20,8.183333333333334,NY
2022-10-21,56.4,60.9,66,11.5,0.0,51.3,2022-10-21,19.120833333333334,NY
2022-10-22,60.4,64.0,76,11.7,0.0,53.0,2022-10-22,29.383333333333336,NY
2022-10-23,55.8,59.9,83,20.8,17.6,55.2,2022-10-23,23.145833333333332,NY
2022-10-24,61.1,61.7,94,20.8,12.1,57.5,2022-10-24,12.275,NY
2022-10-25,72.8,69.4,97,12.9,2.6,63.9,2022-10-25,18.2375,NY
2022-10-26,72.9,70.3,92,16.2,0.4,65.0,2022-10-26,15.0625,NY
2022-10-27,58.1,63.5,64,25.6,0.0,57.8,2022-10-27,6.466666666666666,NY
2022-10-28,48.4,55.6,63,20.0,0.0,49.3,2022-10-28,9.475,NY
2022-10-29,52.8,58.0,74,11.5,0.0,48.8,2022-10-29,23.75,NY
2022-10-30,57.0,61.2,75,11.2,0.0,49.4,2022-10-30,33.00833333333333,NY
2022-10-31,60.5,63.3,85,13.3,6.6,56.2,2022-10-31,34.895833333333336,NY
2022-11-01,66.6,67.6,90,15.6,7.5,60.3,2022-11-01,14.450000000000001,NY
2022-11-02,66.6,68.2,77,16.3,0.0,58.9,2022-11-02,26.675,NY
2022-11-03,61.9,64.2,82,11.8,0.0,54.3,2022-11-03,44.800000000000004,NY
2022-11-04,67.7,67.6,90,13.3,0.0,57.0,2022-11-04,34.670833333333334,NY
2022-11-05,73.0,73.5,84,27.3,0.0,65.0,2022-11-05,14.5875,NY
2022-11-06,75.0,74.8,80,22.3,2.8,68.2,2022-11-06,10.045833333333333,NY
2022-11-07,74.5,75.1,64,25.7,0.8,67.5,2022-11-07,8.862499999999999,NY
2022-11-08,47.9,56.3,48,23.5,0.0,51.1,2022-11-08,7.5375000000000005,NY
2022-11-09,46.0,51.0,64,19.5,0.0,45.4,2022-11-09,10.295833333333333,NY
2022-11-10,59.7,63.3,84,13.2,0.0,52.3,2022-11-10,19.5625,NY
2022-11-11,66.4,66.0,92,33.5,25.3,60.8,2022-11-11,23.925,NY
2022-11-12,67.1,69.3,78,33.1,1.8,65.7,2022-11-12,12.208333333333334,NY
2022-11-13,57.3,57.4,69,27.2,2.9,51.1,2022-11-13,10.308333333333334,NY
2022-11-14,37.1,45.9,56,19.3,0.0,40.9,2022-11-14,5.358333333333333,NY
2022-11-15,40.1,46.0,74,23.5,6.0,40.0,2022-11-15,9.370833333333334,NY
2022-11-16,45.5,52.3,78,28.0,12.5,45.6,2022-11-16,7.058333333333334,NY
2022-11-17,34.6,47.0,60,31.2,0.0,40.3,2022-11-17,7.045833333333333,NY
2022-11-18,32.0,43.9,58,31.1,0.2,38.1,2022-11-18,8.420833333333333,NY
2022-11-19,29.3,40.0,56,19.7,0.0,34.9,2022-11-19,10.012500000000001,NY
2022-11-20,27.2,36.2,52,34.0,0.1,33.1,2022-11-20,8.233333333333333,NY
2022-11-21,28.8,39.6,53,22.5,0.0,32.7,2022-11-21,8.916666666666666,NY
2022-11-22,41.6,49.2,60,20.6,0.0,40.4,2022-11-22,17.966666666666665,NY
2022-11-23,46.1,53.2,60,13.0,0.0,42.7,2022-11-23,25.0125,NY
2022-11-24,46.0,51.1,82,13.0,0.0,41.7,2022-11-24,24.504166666666666,NY
2022-11-25,47.8,53.7,82,25.9,3.8,45.9,2022-11-25,16.220833333333335,NY
2022-11-26,46.8,54.3,60,19.7,0.0,45.7,2022-11-26,7.945833333333333,NY
2022-11-27,54.0,57.0,78,27.2,12.2,48.4,2022-11-27,16.120833333333334,NY
2022-11-28,46.7,53.7,70,27.8,0.0,49.5,2022-11-28,5.079166666666667,NY
2022-11-29,37.1,43.3,75,14.0,0.0,38.0,2022-11-29,17.495833333333334,NY
2022-11-30,47.7,55.2,85,37.4,14.9,47.0,2022-11-30,13.75,NY
2022-12-01,31.9,43.2,51,28.7,0.0,37.8,2022-12-01,4.6000000000000005,NY
2022-12-02,33.8,41.3,72,10.9,0.0,34.8,2022-12-02,14.487499999999999,NY
2022-12-03,49.9,56.2,82,33.3,8.8,50.0,2022-12-03,8.020833333333334,NY
2022-12-04,36.7,44.5,61,23.2,0.0,39.3,2022-12-04,13.645833333333334,NY
2022-12-05,37.2,43.8,75,11.7,0.0,35.7,2022-12-05,27.8,NY
2022-12-06,50.5,54.5,93,22.6,11.5,47.1,2022-12-06,22.495833333333334,NY
2022-12-07,59.2,58.2,96,22.8,10.5,55.0,2022-12-07,15.379166666666668,NY
2022-12-08,48.1,52.9,74,20.4,0.0,48.3,2022-12-08,6.741666666666667,NY
2022-12-09,35.4,44.8,63,20.6,0.0,38.3,2022-12-09,8.029166666666667,NY
2022-12-10,32.5,40.6,63,18.5,0.0,34.7,2022-12-10,9.950000000000001,NY
2022-12-11,32.7,39.7,85,17.7,10.7,37.2,2022-12-11,11.8125,NY
2022-12-12,29.5,39.7,80,22.1,1.1,34.2,2022-12-12,10.304166666666667,NY
2022-12-13,33.2,40.9,68,14.8,0.0,30.5,2022-12-13,3.7125,NY
2022-12-14,31.4,40.1,61,19.5,0.0,32.8,2022-12-14,0.7625000000000001,NY
2022-12-15,32.5,40.6,85,30.1,17.3,35.8,2022-12-15,1.8041666666666665,NY
2022-12-16,33.9,44.0,93,34.9,14.5,40.9,2022-12-16,7.2250000000000005,NY
2022-12-17,33.7,44.6,68,24.8,0.3,39.0,2022-12-17,7.4375,NY
2022-12-18,28.8,39.4,65,22.3,0.0,33.5,2022-12-18,8.795833333333333,NY
2022-12-19,27.2,38.6,59,23.4,0.0,32.6,2022-12-19,6.195833333333333,NY
2022-12-20,30.5,38.8,65,19.2,0.0,32.5,2022-12-20,6.637499999999999,NY
2022-12-21,31.6,37.6,74,9.3,0.0,30.7,2022-12-21,30.804166666666664,NY
2022-12-22,35.7,44.2,90,30.4,9.5,37.1,2022-12-22,34.275,NY
2022-12-23,46.4,55.0,79,46.0,23.0,38.2,2022-12-23,6.329166666666667,NY
2022-12-24,9.6,23.8,36,35.7,0.0,12.7,2022-12-24,4.8,NY
2022-12-25,17.1,29.2,44,25.2,0.0,20.7,2022-12-25,7.933333333333334,NY
2022-12-26,20.2,30.5,45,19.5,0.0,23.6,2022-12-26,12.879166666666668,NY
2022-12-27,28.0,37.2,57,14.9,0.0,29.2,2022-12-27,24.554166666666664,NY
2022-12-28,34.6,44.2,70,19.2,0.0,33.3,2022-12-28,34.604166666666664,NY
2022-12-29,40.5,47.5,76,16.0,0.0,37.2,2022-12-29,33.125,NY
2022-12-30,51.8,56.4,76,13.6,0.0,43.3,2022-12-30,36.69166666666667,NY
2022-12-31,50.4,52.0,98,13.2,6.3,47.7,2022-12-31,24.983333333333334,NY
2023-01-01,49.4,53.5,84,17.4,2.1,48.2,2023-01-01,14.004166666666668,NY
2023-01-02,51.6,55.1,83,9.0,0.5,46.2,2023-01-02,34.166666666666664,NY
2023-01-03,52.5,55.1,97,19.4,9.5,49.2,2023-01-03,33.199999999999996,NY
2023-01-04,64.8,64.4,94,18.2,2.3,55.6,2023-01-04,21.091666666666665,NY
2023-01-05,54.9,55.7,93,12.1,0.0,50.1,2023-01-05,28.849999999999998,NY
2023-01-06,41.8,47.7,86,16.3,9.6,43.2,2023-01-06,15.887500000000001,NY
2023-01-07,37.7,46.9,68,20.2,0.0,38.7,2023-01-07,8.174999999999999,NY
2023-01-08,33.9,39.7,70,13.7,0.0,34.4,2023-01-08,13.487499999999999,NY
2023-01-09,36.1,45.1,76,17.9,1.5,37.6,2023-01-09,14.954166666666666,NY
2023-01-10,35.8,43.3,68,14.6,0.0,36.8,2023-01-10,18.158333333333335,NY
2023-01-11,31.7,39.0,69,13.8,0.0,33.9,2023-01-11,17.525000000000002,NY
2023-01-12,46.9,49.6,90,21.0,11.9,41.5,2023-01-12,19.829166666666666,NY
2023-01-13,50.0,54.9,79,27.1,1.6,48.7,2023-01-13,7.8,NY
2023-01-14,26.8,37.2,56,26.3,0.0,33.9,2023-01-14,4.016666666666667,NY
2023-01-15,28.6,41.3,50,33.8,0.0,33.2,2023-01-15,5.879166666666666,NY
2023-01-16,38.2,46.8,41,26.3,0.0,34.8,2023-01-16,8.475,NY
2023-01-17,38.3,45.4,57,13.3,1.4,36.5,2023-01-17,22.983333333333334,NY
2023-01-18,42.7,51.4,78,25.5,1.7,44.0,2023-01-18,12.029166666666667,NY
2023-01-19,36.5,42.2,92,16.3,23.5,39.3,2023-01-19,20.791666666666668,NY
2023-01-20,37.5,48.2,79,30.7,0.6,41.8,2023-01-20,8.754166666666666,NY
2023-01-21,35.6,43.1,66,19.9,0.2,37.0,2023-01-21,10.245833333333334,NY
2023-01-22,35.8,42.1,80,15.8,5.4,34.6,2023-01-22,35.46666666666667,NY
2023-01-23,30.2,37.5,90,25.0,16.9,36.5,2023-01-23,9.058333333333334,NY
2023-01-24,34.4,46.0,64,27.7,0.0,36.2,2023-01-24,7.154166666666666,NY
2023-01-25,41.0,51.1,85,44.7,20.0,36.0,2023-01-25,22.291666666666668,NY
2023-01-26,49.9,53.4,69,36.0,14.5,45.5,2023-01-26,5.383333333333333,NY
2023-01-27,33.5,43.1,65,19.2,0.0,36.0,2023-01-27,11.854166666666666,NY
2023-01-28,41.8,51.6,62,23.8,0.0,39.9,2023-01-28,13.266666666666666,NY
2023-01-29,42.2,50.9,72,22.5,0.0,42.1,2023-01-29,25.441666666666666,NY
2023-01-30,47.8,53.1,83,13.2,0.0,43.1,2023-01-30,27.870833333333334,NY
2023-01-31,38.9,43.7,68,19.1,2.5,38.1,2023-01-31,11.816666666666668,NY
2023-02-01,28.8,37.8,54,16.5,1.6,30.9,2023-02-01,16.625,NY
2023-02-02,28.5,39.4,55,19.1,0.0,31.6,2023-02-02,23.433333333333334,NY
2023-02-03,22.1,32.5,42,42.2,0.0,24.1,2023-02-03,7.629166666666666,NY
2023-02-04,14.3,25.1,35,39.8,0.0,14.8,2023-02-04,7.675,NY
2023-02-05,38.4,48.5,55,19.1,0.0,34.5,2023-02-05,13.950000000000001,NY
2023-02-06,39.6,50.4,70,29.2,0.0,39.5,2023-02-06,20.620833333333334,NY
2023-02-07,30.6,38.7,71,21.6,2.6,32.7,2023-02-07,18.679166666666667,NY
2023-02-08,42.6,50.8,75,22.5,0.7,40.7,2023-02-08,19.633333333333333,NY
2023-02-09,46.9,52.1,80,20.9,0.0,40.5,2023-02-09,42.90833333333333,NY
2023-02-10,49.9,57.4,66,28.1,0.0,52.2,2023-02-10,11.104166666666666,NY
2023-02-11,36.2,44.2,54,23.5,0.0,38.6,2023-02-11,14.454166666666666,NY
2023-02-12,38.1,44.3,68,18.7,0.8,37.1,2023-02-12,35.27916666666667,NY
2023-02-13,47.9,56.0,49,23.9,1.8,43.9,2023-02-13,22.729166666666668,NY
2023-02-14,44.7,52.5,53,23.2,0.0,43.3,2023-02-14,12.541666666666666,NY
2023-02-15,54.9,62.6,62,26.9,0.0,50.3,2023-02-15,17.304166666666667,NY
2023-02-16,64.7,66.7,71,17.6,2.9,54.9,2023-02-16,30.708333333333332,NY
2023-02-17,55.5,59.7,83,33.8,8.1,49.5,2023-02-17,15.133333333333333,NY
2023-02-18,32.9,42.4,51,28.9,0.0,33.7,2023-02-18,6.291666666666667,NY
2023-02-19,38.5,46.7,71,29.8,0.0,39.3,2023-02-19,15.616666666666667,NY
2023-02-20,51.8,59.6,75,25.3,0.0,48.1,2023-02-20,18.004166666666666,NY
2023-02-21,42.3,47.0,85,17.8,7.1,40.0,2023-02-21,20.5,NY
2023-02-22,36.4,42.1,79,15.0,4.4,36.5,2023-02-22,21.675,NY
2023-02-23,40.5,46.0,88,16.1,0.6,40.2,2023-02-23,18.016666666666666,NY
2023-02-24,36.8,45.4,61,35.3,0.0,39.1,2023-02-24,9.654166666666667,NY
2023-02-25,25.6,32.5,63,19.8,0.7,26.6,2023-02-25,7.9624999999999995,NY
2023-02-26,39.5,50.4,72,34.7,0.0,36.0,2023-02-26,20.716666666666665,NY
2023-02-27,35.2,40.9,65,23.7,3.8,34.9,2023-02-27,14.512500000000001,NY
2023-02-28,30.3,35.9,94,24.8,13.1,33.8,2023-02-28,14.137500000000001,NY
2023-03-01,36.7,42.5,81,22.0,3.4,35.5,2023-03-01,16.004166666666666,NY
2023-03-02,49.8,56.8,79,23.2,1.5,44.2,2023-03-02,17.224999999999998,NY
2023-03-03,37.6,45.5,71,30.4,2.8,38.0,2023-03-03,9.708333333333334,NY
2023-03-04,36.8,44.9,83,38.4,41.8,41.7,2023-03-04,10.016666666666667,NY
2023-03-05,43.9,54.1,65,27.4,0.0,41.9,2023-03-05,12.075000000000001,NY
2023-03-06,40.6,50.4,58,23.1,0.0,42.6,2023-03-06,9.633333333333333,NY
2023-03-07,34.4,45.4,52,36.3,2.7,38.7,2023-03-07,8.6875,NY
2023-03-08,37.5,49.0,54,34.6,0.0,37.2,2023-03-08,3.9291666666666667,NY
2023-03-09,41.5,50.8,61,22.3,0.0,39.8,2023-03-09,6.666666666666667,NY
2023-03-10,39.1,45.4,77,16.8,7.3,37.9,2023-03-10,20.333333333333332,NY
2023-03-11,36.1,44.6,82,25.8,13.1,39.6,2023-03-11,8.737499999999999,NY
2023-03-12,40.2,46.1,66,19.2,0.0,38.1,2023-03-12,16.020833333333332,NY
2023-03-13,35.4,42.6,92,20.5,16.7,40.4,2023-03-13,15.316666666666668,NY
2023-03-14,29.6,38.1,77,44.3,12.2,35.8,2023-03-14,4.6875,NY
2023-03-15,30.8,44.7,52,38.7,0.0,37.9,2023-03-15,4.5375000000000005,NY
2023-03-16,48.1,56.1,45,19.9,0.0,41.9,2023-03-16,15.691666666666668,NY
2023-03-17,51.1,57.8,62,22.2,0.0,47.3,2023-03-17,27.28333333333333,NY
2023-03-18,46.4,51.9,58,26.1,0.7,45.7,2023-03-18,11.083333333333334,NY
2023-03-19,28.1,38.8,42,27.3,0.0,34.1,2023-03-19,8.049999999999999,NY
2023-03-20,41.7,51.3,52,17.8,0.0,37.7,2023-03-20,12.6875,NY
2023-03-21,51.5,60.4,48,20.1,0.0,45.4,2023-03-21,13.908333333333333,NY
2023-03-22,49.9,55.9,66,23.1,0.0,46.1,2023-03-22,20.879166666666666,NY
2023-03-23,55.5,58.9,87,24.5,2.8,51.3,2023-03-23,20.025000000000002,NY
2023-03-24,51.3,55.5,61,19.1,0.2,47.6,2023-03-24,15.012500000000001,NY
2023-03-25,39.6,45.5,84,31.4,11.5,42.1,2023-03-25,20.837500000000002,NY
2023-03-26,51.8,59.1,62,24.5,0.0,48.8,2023-03-26,11.258333333333333,NY
2023-03-27,52.5,58.7,63,23.7,2.6,46.1,2023-03-27,17.695833333333333,NY
2023-03-28,46.0,52.2,72,21.1,0.6,43.8,2023-03-28,17.754166666666666,NY
2023-03-29,47.3,51.8,62,24.2,0.0,41.5,2023-03-29,13.166666666666666,NY
2023-03-30,36.7,45.6,47,28.5,0.1,37.9,2023-03-30,7.425,NY
2023-03-31,45.4,50.1,74,29.4,0.0,42.7,2023-03-31,23.34166666666667,NY
2023-04-01,63.3,67.5,79,26.7,10.1,58.7,2023-04-01,13.6625,NY
2023-04-02,41.8,51.2,46,35.3,0.0,44.5,2023-04-02,5.8,NY
2023-04-03,48.1,56.1,66,30.9,0.0,44.7,2023-04-03,15.741666666666667,NY
2023-04-04,65.7,65.7,81,16.8,0.0,55.9,2023-04-04,21.491666666666664,NY
2023-04-05,54.4,56.5,89,20.5,0.4,53.1,2023-04-05,16.05,NY
2023-04-06,77.9,79.7,83,18.7,3.3,61.9,2023-04-06,28.979166666666668,NY
2023-04-07,53.4,57.1,41,21.9,0.0,52.2,2023-04-07,10.229166666666666,NY
2023-04-08,47.5,50.7,48,19.9,0.0,42.9,2023-04-08,13.341666666666667,NY
2023-04-09,50.1,53.2,65,24.2,0.0,43.5,2023-04-09,21.295833333333334,NY
2023-04-10,60.8,64.1,67,18.8,0.0,48.4,2023-04-10,19.708333333333332,NY
2023-04-11,65.2,73.4,40,26.0,0.0,58.7,2023-04-11,14.054166666666667,NY
2023-04-12,75.9,81.5,37,24.1,0.0,68.8,2023-04-12,14.020833333333334,NY
2023-04-13,84.8,88.0,44,20.6,0.0,71.7,2023-04-13,13.720833333333333,NY
2023-04-14,85.0,85.3,44,19.2,0.0,71.6,2023-04-14,22.962500000000002,NY
2023-04-15,70.9,69.7,85,19.5,5.0,63.8,2023-04-15,19.091666666666665,NY
2023-04-16,71.4,69.7,89,17.7,0.0,60.4,2023-04-16,17.05,NY
2023-04-17,65.0,68.1,74,24.5,3.1,58.0,2023-04-17,12.220833333333333,NY
2023-04-18,47.4,58.0,44,36.5,0.1,52.3,2023-04-18,8.916666666666666,NY
2023-04-19,56.2,63.5,51,24.5,0.0,50.7,2023-04-19,12.204166666666666,NY
2023-04-20,59.3,60.6,65,16.2,0.0,50.8,2023-04-20,24.46666666666667,NY
2023-04-21,63.1,66.3,74,23.9,0.0,55.6,2023-04-21,23.795833333333334,NY
2023-04-22,66.6,67.6,86,30.5,15.7,57.7,2023-04-22,13.304166666666667,NY
2023-04-23,62.4,66.6,74,20.6,18.4,58.3,2023-04-23,11.320833333333333,NY
2023-04-24,56.0,61.2,56,19.1,0.0,52.2,2023-04-24,11.745833333333332,NY
2023-04-25,53.0,59.4,58,13.2,0.3,50.7,2023-04-25,16.454166666666666,NY
2023-04-26,53.3,57.0,73,22.1,0.9,50.0,2023-04-26,24.679166666666664,NY
2023-04-27,52.1,56.3,83,16.8,0.7,51.1,2023-04-27,21.058333333333334,NY
2023-04-28,48.2,55.5,79,23.3,6.1,49.7,2023-04-28,15.108333333333334,NY
2023-04-29,50.7,54.1,94,30.7,59.5,51.3,2023-04-29,10.645833333333334,NY
2023-04-30,57.2,58.8,97,27.5,22.2,55.0,2023-04-30,9.700000000000001,NY
2023-05-01,57.1,60.3,63,38.6,1.8,54.8,2023-05-01,7.154166666666666,NY
2023-05-02,47.5,56.2,67,26.9,0.8,50.7,2023-05-02,12.141666666666666,NY
2023-05-03,49.0,54.6,70,14.8,0.7,49.0,2023-05-03,11.554166666666667,NY
2023-05-04,53.7,58.0,80,16.3,1.7,50.4,2023-05-04,17.383333333333333,NY
2023-05-05,61.2,62.9,78,11.9,3.5,52.9,2023-05-05,27.770833333333332,NY
2023-05-06,66.0,69.9,65,19.0,0.0,57.6,2023-05-06,19.041666666666668,NY
2023-05-07,73.9,74.8,60,22.1,0.0,61.4,2023-05-07,16.441666666666666,NY
2023-05-08,71.3,74.7,63,21.2,0.0,64.7,2023-05-08,14.075000000000001,NY
2023-05-09,66.5,66.7,54,21.7,0.0,57.5,2023-05-09,14.995833333333332,NY
2023-05-10,68.6,70.2,64,19.8,0.0,57.8,2023-05-10,23.22083333333333,NY
2023-05-11,78.5,77.7,55,21.7,0.0,64.1,2023-05-11,22.929166666666664,NY
2023-05-12,83.8,85.2,55,15.3,0.0,70.0,2023-05-12,20.125,NY
2023-05-13,79.9,81.3,48,19.7,0.0,71.6,2023-05-13,20.929166666666667,NY
2023-05-14,69.6,73.2,44,22.0,0.0,63.7,2023-05-14,7.4375,NY
2023-05-15,73.0,77.6,39,18.7,0.0,63.5,2023-05-15,11.529166666666667,NY
2023-05-16,73.8,82.0,38,24.9,0.0,68.5,2023-05-16,13.454166666666667,NY
2023-05-17,61.8,65.8,42,26.4,0.0,59.2,2023-05-17,12.891666666666667,NY
2023-05-18,54.2,57.7,55,22.1,0.0,52.0,2023-05-18,13.216666666666667,NY
2023-05-19,63.4,67.2,71,33.0,0.0,58.8,2023-05-19,15.1625,NY
2023-05-20,67.4,63.7,92,15.9,26.9,60.5,2023-05-20,16.5625,NY
2023-05-21,67.0,71.3,67,23.0,0.6,63.1,2023-05-21,17.366666666666667,NY
2023-05-22,74.1,73.4,71,20.6,0.2,62.3,2023-05-22,21.570833333333336,NY
2023-05-23,68.2,67.0,75,21.5,0.0,58.2,2023-05-23,17.941666666666666,NY
2023-05-24,71.3,71.4,68,25.0,0.7,60.1,2023-05-24,33.229166666666664,NY
2023-05-25,62.1,66.6,55,25.9,0.0,58.4,2023-05-25,14.870833333333332,NY
2023-05-26,67.9,72.1,56,15.3,0.0,61.0,2023-05-26,18.087500000000002,NY
2023-05-27,76.4,75.8,55,20.1,0.0,62.9,2023-05-27,20.445833333333333,NY
2023-05-28,73.6,74.6,57,19.9,0.0,63.9,2023-05-28,17.754166666666666,NY
2023-05-29,77.7,76.5,60,28.5,0.0,65.3,2023-05-29,15.362499999999999,NY
2023-05-30,70.7,68.6,68,18.6,0.0,60.2,2023-05-30,19.083333333333332,NY
2023-05-31,74.7,72.7,74,15.3,0.0,61.0,2023-05-31,18.925,NY
2023-06-01,84.5,81.3,72,17.4,0.0,67.1,2023-06-01,32.28333333333333,NY
2023-06-02,92.2,87.4,63,17.1,0.0,72.2,2023-06-02,36.93333333333333,NY
2023-06-03,68.6,68.3,74,22.3,3.5,65.1,2023-06-03,22.995833333333334,NY
2023-06-04,62.6,70.6,57,25.0,0.1,60.0,2023-06-04,17.766666666666666,NY
2023-06-05,71.1,75.2,55,21.5,0.0,64.1,2023-06-05,20.804166666666667,NY
2023-06-06,76.5,78.4,49,33.9,0.2,67.2,2023-06-06,62.12916666666666,NY
2023-06-07,72.3,77.2,44,21.3,0.0,65.9,2023-06-07,64.28750000000001,NY
2023-06-08,68.1,72.3,56,19.2,0.0,62.3,2023-06-08,41.57083333333333,NY
2023-06-09,71.5,73.1,66,20.0,0.9,62.4,2023-06-09,20.05,NY
2023-06-10,76.8,79.4,64,18.1,0.2,66.4,2023-06-10,21.829166666666666,NY
2023-06-11,82.8,80.9,66,18.6,0.0,70.3,2023-06-11,39.949999999999996,NY
2023-06-12,75.8,75.2,79,27.0,8.5,69.8,2023-06-12,19.820833333333333,NY
2023-06-13,78.0,79.5,64,21.6,0.0,69.8,2023-06-13,14.466666666666667,NY
2023-06-14,76.7,76.5,73,24.1,9.5,65.3,2023-06-14,17.416666666666668,NY
2023-06-15,75.6,79.2,60,20.4,0.0,68.8,2023-06-15,14.0875,NY
2023-06-16,77.6,78.5,75,18.8,10.8,66.6,2023-06-16,27.270833333333332,NY
2023-06-17,72.9,77.8,63,31.6,0.1,68.0,2023-06-17,32.9,NY
2023-06-18,76.7,79.7,55,19.2,0.0,70.6,2023-06-18,23.741666666666664,NY
2023-06-19,82.0,77.5,74,20.0,1.4,68.9,2023-06-19,24.208333333333332,NY
2023-06-20,74.5,74.3,72,21.3,0.0,67.1,2023-06-20,12.829166666666666,NY
2023-06-21,68.9,73.2,69,23.4,0.3,65.8,2023-06-21,6.8999999999999995,NY
2023-06-22,71.2,69.9,72,25.0,0.3,64.7,2023-06-22,10.200000000000001,NY
2023-06-23,74.4,73.2,88,21.8,12.4,67.7,2023-06-23,12.066666666666668,NY
2023-06-24,83.4,78.3,91,16.9,21.2,70.9,2023-06-24,10.229166666666666,NY
2023-06-25,91.4,83.4,85,17.9,1.9,73.4,2023-06-25,21.9875,NY
2023-06-26,83.9,78.0,90,20.3,4.6,71.2,2023-06-26,14.704166666666666,NY
2023-06-27,84.5,79.4,89,18.8,18.7,71.2,2023-06-27,14.879166666666668,NY
2023-06-28,87.9,83.6,80,13.8,2.1,73.1,2023-06-28,17.483333333333334,NY
2023-06-29,83.8,83.6,70,14.3,0.0,72.2,2023-06-29,32.5875,NY
2023-06-30,88.0,84.7,74,21.1,0.0,73.5,2023-06-30,45.1,NY
2023-07-01,81.7,80.4,71,24.7,0.0,72.6,2023-07-01,33.19583333333333,NY
2023-07-02,94.4,88.3,83,20.6,16.1,76.0,2023-07-02,17.208333333333332,NY
2023-07-03,95.2,88.1,82,16.8,17.8,78.0,2023-07-03,22.866666666666664,NY
2023-07-04,94.2,84.9,84,13.2,5.4,76.5,2023-07-04,25.991666666666664,NY
2023-07-05,99.7,90.1,76,15.2,0.0,79.3,2023-07-05,34.800000000000004,NY
2023-07-06,94.5,88.3,77,20.0,0.0,78.8,2023-07-06,25.412499999999998,NY
2023-07-07,94.3,85.5,84,18.4,0.6,77.4,2023-07-07,13.895833333333334,NY
2023-07-08,95.0,85.3,84,15.2,4.4,77.8,2023-07-08,18.412499999999998,NY
2023-07-09,85.5,80.5,89,14.9,18.5,73.8,2023-07-09,13.670833333333334,NY
2023-07-10,85.6,83.7,79,17.2,1.3,75.7,2023-07-10,11.1625,NY
2023-07-11,93.7,89.2,65,10.6,0.0,76.6,2023-07-11,21.2625,NY
2023-07-12,95.6,91.5,62,16.3,0.0,80.1,2023-07-12,28.95,NY
2023-07-13,91.4,89.4,67,24.4,0.2,80.5,2023-07-13,27.5125,NY
2023-07-14,91.1,82.9,85,20.7,36.6,76.0,2023-07-14,17.587500000000002,NY
2023-07-15,97.0,85.1,89,16.8,8.0,76.6,2023-07-15,18.416666666666668,NY
2023-07-16,86.8,78.8,93,18.2,41.4,75.2,2023-07-16,12.200000000000001,NY
2023-07-17,95.5,89.2,79,17.6,0.1,78.0,2023-07-17,34.43333333333333,NY
2023-07-18,92.8,85.4,81,17.1,8.3,76.9,2023-07-18,34.733333333333334,NY
2023-07-19,88.2,81.6,83,10.9,3.8,73.4,2023-07-19,36.90833333333334,NY
2023-07-20,90.0,83.4,77,14.9,0.5,75.5,2023-07-20,30.59583333333333,NY
2023-07-21,90.4,85.2,82,15.6,3.5,75.8,2023-07-21,19.479166666666668,NY
2023-07-22,85.8,83.2,66,15.1,0.0,74.4,2023-07-22,17.520833333333332,NY
2023-07-23,89.5,86.2,64,19.3,0.5,75.0,2023-07-23,21.474999999999998,NY
2023-07-24,88.0,83.8,68,23.1,1.9,75.7,2023-07-24,18.379166666666666,NY
2023-07-25,91.4,83.7,86,15.1,9.0,73.8,2023-07-25,16.645833333333332,NY
2023-07-26,92.3,86.2,76,20.9,0.4,75.1,2023-07-26,18.066666666666666,NY
2023-07-27,97.2,93.0,76,27.5,0.7,81.0,2023-07-27,17.466666666666665,NY
2023-07-28,99.0,93.7,74,17.3,0.0,81.8,2023-07-28,25.712500000000002,NY
2023-07-29,96.4,93.0,70,32.8,4.3,82.1,2023-07-29,17.791666666666668,NY
2023-07-30,77.4,79.3,59,19.6,0.0,71.7,2023-07-30,10.5625,NY
2023-07-31,86.2,85.1,58,14.9,0.0,72.8,2023-07-31,19.804166666666667,NY
2023-08-01,77.5,80.7,55,18.9,0.0,71.6,2023-08-01,12.808333333333332,NY
2023-08-02,80.1,82.0,59,16.9,0.0,69.7,2023-08-02,17.3125,NY
2023-08-03,78.7,79.4,64,30.0,0.9,70.8,2023-08-03,16.029166666666665,NY
2023-08-04,81.4,81.5,70,21.3,0.9,73.6,2023-08-04,18.720833333333335,NY
2023-08-05,89.6,87.4,67,12.9,0.2,76.0,2023-08-05,27.474999999999998,NY
2023-08-06,87.8,85.8,62,21.8,0.0,75.5,2023-08-06,18.216666666666665,NY
2023-08-07,84.8,82.0,85,31.2,37.9,75.6,2023-08-07,10.045833333333333,NY
2023-08-08,83.0,80.9,75,30.6,15.2,75.0,2023-08-08,8.258333333333333,NY
2023-08-09,83.9,85.1,57,22.4,0.1,75.9,2023-08-09,11.612499999999999,NY
2023-08-10,83.0,77.9,84,14.9,11.9,71.6,2023-08-10,23.02916666666667,NY
2023-08-11,85.0,84.6,72,20.2,0.1,74.1,2023-08-11,14.058333333333332,NY
2023-08-12,88.2,82.7,80,16.6,8.6,73.0,2023-08-12,23.495833333333334,NY
2023-08-13,90.4,87.3,75,20.8,2.9,77.6,2023-08-13,14.412500000000001,NY
2023-08-14,90.6,87.6,71,20.5,1.3,76.2,2023-08-14,17.5625,NY
2023-08-15,86.0,80.7,85,17.5,20.3,75.2,2023-08-15,12.5875,NY
2023-08-16,87.2,79.9,88,14.4,4.0,73.3,2023-08-16,11.6,NY
2023-08-17,83.7,78.3,89,20.3,5.9,73.2,2023-08-17,11.758333333333333,NY
2023-08-18,81.5,80.5,70,25.3,3.1,74.7,2023-08-18,10.200000000000001,NY
2023-08-19,76.5,79.5,59,21.0,0.0,69.3,2023-08-19,9.0375,NY
2023-08-20,86.5,85.8,64,14.4,0.0,72.8,2023-08-20,16.733333333333334,NY
2023-08-21,93.8,88.0,69,15.1,0.1,77.0,2023-08-21,28.15416666666667,NY
2023-08-22,78.5,79.0,59,22.7,0.0,71.9,2023-08-22,11.570833333333333,NY
2023-08-23,79.8,78.0,65,18.1,0.0,68.7,2023-08-23,11.354166666666666,NY
2023-08-24,74.0,76.0,75,26.4,2.2,70.4,2023-08-24,11.404166666666667,NY
2023-08-25,87.7,82.4,83,19.7,11.1,74.3,2023-08-25,16.991666666666667,NY
2023-08-26,91.6,86.4,78,14.8,0.4,76.4,2023-08-26,26.891666666666666,NY
2023-08-27,86.5,83.0,73,13.3,0.5,73.7,2023-08-27,14.15,NY
2023-08-28,78.6,77.0,84,18.4,1.1,71.0,2023-08-28,13.450000000000001,NY
2023-08-29,86.3,81.8,82,13.5,1.6,72.7,2023-08-29,11.395833333333334,NY
2023-08-30,86.3,85.3,72,20.7,0.7,75.9,2023-08-30,11.0625,NY
2023-08-31,73.7,77.3,57,22.5,0.0,69.0,2023-08-31,7.591666666666666,NY
2023-09-01,75.0,76.0,61,13.7,0.0,66.0,2023-09-01,9.4625,NY
2023-09-02,81.1,80.5,71,24.2,0.0,67.5,2023-09-02,13.370833333333332,NY
2023-09-03,92.8,90.2,63,16.8,0.3,77.4,2023-09-03,13.220833333333333,NY
2023-09-04,96.9,92.9,66,18.1,1.2,80.5,2023-09-04,14.3125,NY
2023-09-05,100.4,95.6,69,14.1,0.0,82.6,2023-09-05,16.233333333333334,NY
2023-09-06,100.8,96.6,64,9.4,0.0,84.0,2023-09-06,18.779166666666665,NY
2023-09-07,101.3,95.5,67,18.5,3.8,81.9,2023-09-07,25.25,NY
2023-09-08,98.3,89.1,84,16.1,14.3,77.3,2023-09-08,21.6375,NY
2023-09-09,92.3,84.7,88,12.6,8.5,74.7,2023-09-09,20.412499999999998,NY
2023-09-10,81.4,76.2,92,10.7,16.5,71.5,2023-09-10,12.116666666666667,NY
2023-09-11,88.6,81.8,86,10.5,4.4,73.1,2023-09-11,10.637500000000001,NY
2023-09-12,86.8,84.1,80,11.9,0.2,73.5,2023-09-12,16.404166666666665,NY
2023-09-13,84.5,80.0,87,11.9,17.1,72.2,2023-09-13,12.516666666666666,NY
2023-09-14,75.6,77.0,68,16.9,0.0,68.6,2023-09-14,9.391666666666667,NY
2023-09-15,66.3,70.6,63,23.3,0.0,63.1,2023-09-15,7.170833333333333,NY
2023-09-16,70.6,76.0,56,22.0,0.0,66.2,2023-09-16,6.191666666666666,NY
2023-09-17,76.6,75.7,69,14.8,0.5,65.1,2023-09-17,14.283333333333333,NY
2023-09-18,71.1,70.7,90,17.3,13.9,66.0,2023-09-18,11.758333333333333,NY
2023-09-19,70.2,74.2,69,21.5,0.0,64.3,2023-09-19,9.829166666666667,NY
2023-09-20,71.2,74.3,69,14.3,0.0,63.0,2023-09-20,13.308333333333332,NY
2023-09-21,73.3,73.0,73,13.0,0.0,62.3,2023-09-21,17.64166666666667,NY
2023-09-22,68.9,72.3,74,22.6,0.0,63.0,2023-09-22,19.379166666666666,NY
2023-09-23,56.6,61.1,88,31.4,42.3,59.2,2023-09-23,9.633333333333333,NY
2023-09-24,63.9,67.6,92,31.9,17.3,63.0,2023-09-24,6.329166666666667,NY
2023-09-25,62.7,63.1,92,30.8,17.5,61.0,2023-09-25,5.158333333333333,NY
2023-09-26,58.4,62.6,81,24.6,8.5,59.4,2023-09-26,12.691666666666668,NY
2023-09-27,59.3,64.0,68,19.4,0.0,56.7,2023-09-27,14.570833333333333,NY
2023-09-28,63.4,65.8,83,17.5,0.1,57.8,2023-09-28,19.558333333333334,NY
2023-09-29,59.9,62.9,93,25.5,69.9,59.3,2023-09-29,23.5125,NY
2023-09-30,69.7,71.1,85,20.4,1.0,61.4,2023-09-30,15.2875,NY
2023-10-01,75.7,77.1,77,18.7,0.0,66.1,2023-10-01,14.083333333333334,NY
2023-10-02,78.3,77.7,78,16.0,0.0,67.7,2023-10-02,16.900000000000002,NY
2023-10-03,84.8,81.3,83,8.6,0.0,66.7,2023-10-03,32.96666666666667,NY
2023-10-04,88.9,82.0,84,12.6,0.0,68.1,2023-10-04,28.741666666666664,NY
2023-10-05,76.1,75.3,88,17.4,0.0,64.3,2023-10-05,23.391666666666666,NY
2023-10-06,75.2,72.4,93,15.0,2.6,67.7,2023-10-06,11.741666666666667,NY
2023-10-07,73.1,69.2,89,29.1,60.4,62.8,2023-10-07,5.1625000000000005,NY
2023-10-08,54.7,62.4,61,24.5,0.0,55.2,2023-10-08,4.454166666666667,NY
2023-10-09,52.6,60.2,63,23.9,0.1,52.7,2023-10-09,7.695833333333333,NY
2023-10-10,58.2,64.4,69,19.7,0.0,56.0,2023-10-10,17.650000000000002,NY
2023-10-11,64.3,69.3,71,14.2,0.0,57.2,2023-10-11,25.71666666666667,NY
2023-10-12,67.4,69.9,74,11.0,0.0,56.8,2023-10-12,23.558333333333334,NY
2023-10-13,58.4,63.8,67,14.0,0.0,55.1,2023-10-13,8.941666666666666,NY
2023-10-14,50.7,53.4,84,16.7,15.1,50.9,2023-10-14,15.479166666666666,NY
2023-10-15,54.1,62.0,70,24.8,1.2,53.8,2023-10-15,7.625,NY
2023-10-16,58.9,63.9,77,19.9,0.2,52.9,2023-10-16,6.829166666666667,NY
2023-10-17,58.8,62.3,79,12.1,0.6,53.9,2023-10-17,15.479166666666666,NY
2023-10-18,61.6,63.1,81,8.9,0.3,53.9,2023-10-18,24.833333333333332,NY
2023-10-19,60.8,64.5,80,19.6,0.0,54.9,2023-10-19,15.908333333333333,NY
2023-10-20,62.1,63.1,92,25.7,27.2,59.5,2023-10-20,8.720833333333333,NY
2023-10-21,59.7,64.0,82,25.6,5.9,58.2,2023-10-21,5.620833333333334,NY
2023-10-22,48.0,57.0,62,27.5,0.0,52.7,2023-10-22,3.3541666666666665,NY
2023-10-23,56.2,61.0,67,22.2,0.0,51.0,2023-10-23,8.237499999999999,NY
2023-10-24,60.0,64.0,79,11.9,0.0,51.1,2023-10-24,18.787499999999998,NY
2023-10-25,69.2,71.7,68,14.7,0.0,57.7,2023-10-25,14.895833333333334,NY
2023-10-26,78.0,78.7,66,14.4,0.0,62.7,2023-10-26,20.7375,NY
2023-10-27,76.1,76.4,71,14.8,0.0,63.5,2023-10-27,21.775000000000002,NY
2023-10-28,79.9,80.7,72,18.7,0.0,69.1,2023-10-28,12.291666666666666,NY
2023-10-29,56.7,61.3,80,19.2,6.9,55.0,2023-10-29,6.504166666666666,NY
2023-10-30,65.4,66.5,86,25.0,2.0,56.9,2023-10-30,7.329166666666667,NY
2023-10-31,46.4,51.1,60,18.1,0.2,48.5,2023-10-31,7.3374999999999995,NY
2023-11-01,41.6,49.6,68,23.3,3.5,44.1,2023-11-01,11.616666666666667,NY
2023-11-02,42.1,49.5,66,12.2,0.0,39.9,2023-11-02,10.424999999999999,NY
2023-11-03,47.6,55.7,70,17.7,0.0,43.8,2023-11-03,9.883333333333333,NY
2023-11-04,54.3,59.0,73,11.0,0.0,47.5,2023-11-04,22.229166666666668,NY
2023-11-05,58.7,62.7,73,14.8,0.0,50.7,2023-11-05,26.120833333333334,NY
2023-11-06,50.0,53.8,73,12.6,0.1,46.5,2023-11-06,11.945833333333333,NY
2023-11-07,64.4,68.5,75,20.3,5.7,57.2,2023-11-07,12.720833333333333,NY
2023-11-08,45.6,51.5,58,19.3,0.0,45.5,2023-11-08,5.470833333333334,NY
2023-11-09,57.7,59.5,79,12.0,0.4,48.6,2023-11-09,19.291666666666668,NY
2023-11-10,46.0,51.4,78,16.3,0.3,46.7,2023-11-10,13.7875,NY
2023-11-11,45.6,54.1,70,18.1,0.0,45.1,2023-11-11,6.629166666666666,NY
2023-11-12,38.6,44.9,71,13.3,0.0,37.3,2023-11-12,13.112499999999999,NY
2023-11-13,40.8,48.1,72,13.6,0.0,37.7,2023-11-13,14.091666666666667,NY
2023-11-14,42.1,52.2,71,27.9,0.0,43.0,2023-11-14,8.450000000000001,NY
2023-11-15,44.8,51.5,77,14.7,0.0,40.9,2023-11-15,12.85,NY
2023-11-16,59.1,64.1,73,10.5,0.0,47.9,2023-11-16,18.229166666666668,NY
2023-11-17,62.2,67.2,78,18.5,0.0,52.9,2023-11-17,14.133333333333333,NY
2023-11-18,54.4,55.8,69,25.9,1.2,50.1,2023-11-18,6.029166666666666,NY
2023-11-19,45.3,54.4,60,20.9,0.0,42.9,2023-11-19,6.9125000000000005,NY
2023-11-20,37.4,44.9,58,18.7,0.0,37.7,2023-11-20,5.704166666666667,NY
2023-11-21,38.0,47.2,71,29.8,7.9,39.0,2023-11-21,7.516666666666667,NY
2023-11-22,52.7,58.0,84,38.3,24.7,52.2,2023-11-22,7.504166666666666,NY
2023-11-23,44.9,52.2,67,20.9,0.0,46.5,2023-11-23,6.2,NY
2023-11-24,41.0,49.7,62,22.7,0.0,41.4,2023-11-24,8.487499999999999,NY
2023-11-25,33.7,39.7,64,15.8,0.0,32.8,2023-11-25,11.375,NY
2023-11-26,43.4,51.0,82,34.3,5.5,39.7,2023-11-26,19.483333333333334,NY
2023-11-27,49.6,55.0,74,37.6,4.4,45.4,2023-11-27,5.479166666666667,NY
2023-11-28,26.5,39.1,44,28.9,0.1,33.6,2023-11-28,4.529166666666667,NY
2023-11-29,26.6,36.7,54,21.0,0.0,29.8,2023-11-29,7.016666666666667,NY
2023-11-30,40.8,49.4,59,17.6,0.0,37.4,2023-11-30,11.433333333333332,NY
2023-12-01,41.8,46.1,82,14.3,5.3,41.0,2023-12-01,13.341666666666667,NY
2023-12-02,59.3,61.2,92,16.3,0.1,47.9,2023-12-02,23.166666666666668,NY
2023-12-03,46.5,50.3,98,19.1,16.2,47.4,2023-12-03,17.775000000000002,NY
2023-12-04,43.4,51.6,77,21.0,0.0,45.2,2023-12-04,10.275,NY
2023-12-05,37.0,44.0,67,14.7,0.0,39.0,2023-12-05,12.295833333333334,NY
2023-12-06,32.6,41.1,69,22.3,0.1,34.8,2023-12-06,11.258333333333333,NY
2023-12-07,31.0,38.3,74,17.5,0.0,32.4,2023-12-07,9.375,NY
2023-12-08,42.0,48.5,84,11.0,0.0,37.4,2023-12-08,24.65416666666667,NY
2023-12-09,53.7,56.3,91,12.0,0.0,44.1,2023-12-09,17.9375,NY
2023-12-10,61.6,62.6,94,29.2,28.1,53.2,2023-12-10,9.995833333333334,NY
2023-12-11,56.5,57.4,73,35.1,26.9,42.7,2023-12-11,2.8874999999999997,NY
2023-12-12,34.0,43.3,63,18.1,0.0,35.9,2023-12-12,6.5249999999999995,NY
2023-12-13,36.3,45.5,61,18.2,0.0,37.4,2023-12-13,9.408333333333333,NY
2023-12-14,31.8,40.4,62,13.1,0.0,32.9,2023-12-14,7.3374999999999995,NY
2023-12-15,47.4,54.5,65,16.6,0.0,40.0,2023-12-15,11.991666666666667,NY
2023-12-16,46.9,52.8,71,12.6,0.0,42.9,2023-12-16,11.045833333333334,NY
2023-12-17,51.4,55.6,91,23.0,16.8,49.1,2023-12-17,11.908333333333333,NY
2023-12-18,57.7,60.1,84,53.5,78.9,52.9,2023-12-18,6.945833333333333,NY
2023-12-19,32.2,43.1,58,24.0,0.0,37.3,2023-12-19,4.908333333333333,NY
2023-12-20,38.7,45.7,59,16.4,0.0,34.3,2023-12-20,7.133333333333333,NY
2023-12-21,29.2,39.9,58,20.9,0.0,33.6,2023-12-21,6.8999999999999995,NY
2023-12-22,30.8,36.9,60,13.1,0.0,28.2,2023-12-22,19.754166666666666,NY
2023-12-23,36.9,42.8,84,9.7,0.5,33.2,2023-12-23,26.916666666666668,NY
2023-12-24,44.7,47.8,92,7.6,0.0,39.8,2023-12-24,29.754166666666666,NY
2023-12-25,49.9,52.9,90,8.6,0.0,42.6,2023-12-25,32.333333333333336,NY
2023-12-26,42.3,45.9,97,7.3,0.0,40.7,2023-12-26,26.825,NY
2023-12-27,44.9,48.3,97,16.1,5.2,44.4,2023-12-27,17.099999999999998,NY
2023-12-28,50.4,53.1,94,23.8,40.1,49.9,2023-12-28,6.283333333333334,NY
2023-12-29,50.3,56.1,82,18.1,0.4,49.2,2023-12-29,11.304166666666667,NY
2023-12-30,40.3,46.4,68,26.6,0.1,41.6,2023-12-30,7.908333333333334,NY
2023-12-31,35.3,43.7,69,15.9,0.0,37.0,2023-12-31,8.891666666666667,NY
2024-01-01,39.8,45.8,74,14.3,0.0,38.3,2024-01-01,18.016666666666666,NY
2024-01-02,34.2,42.3,72,13.7,0.0,32.0,2024-01-02,8.762500000000001,NY
2024-01-03,38.0,45.9,72,14.4,0.0,34.6,2024-01-03,14.516666666666666,NY
2024-01-04,33.7,44.2,65,26.9,0.0,35.6,2024-01-04,15.345833333333333,NY
2024-01-05,28.9,37.6,60,20.5,0.0,28.8,2024-01-05,7.008333333333333,NY
2024-01-06,28.4,37.0,87,29.1,11.0,30.1,2024-01-06,16.0,NY
2024-01-07,30.2,36.5,92,27.0,7.3,34.8,2024-01-07,4.220833333333333,NY
2024-01-08,35.5,43.3,72,20.1,0.0,34.6,2024-01-08,12.433333333333332,NY
2024-01-09,41.4,54.7,90,57.3,31.5,37.8,2024-01-09,28.025000000000002,NY
2024-01-10,50.9,56.8,68,48.6,28.2,48.6,2024-01-10,4.620833333333334,NY
2024-01-11,38.0,46.7,63,22.9,0.0,40.1,2024-01-11,7.770833333333333,NY
2024-01-12,40.7,46.7,76,22.1,0.8,39.2,2024-01-12,9.5625,NY
2024-01-13,54.9,58.3,69,34.2,22.9,48.4,2024-01-13,5.908333333333334,NY
2024-01-14,30.5,43.3,47,36.4,0.5,32.3,2024-01-14,4.4125000000000005,NY
2024-01-15,21.8,30.6,47,11.4,0.8,25.8,2024-01-15,10.920833333333334,NY
2024-01-16,21.6,30.4,83,23.2,9.5,27.0,2024-01-16,17.075,NY
2024-01-17,11.8,24.5,50,23.8,0.0,20.3,2024-01-17,5.554166666666667,NY
2024-01-18,23.8,32.7,52,17.1,0.3,25.8,2024-01-18,16.341666666666665,NY
2024-01-19,21.3,30.4,73,16.5,2.7,27.6,2024-01-19,19.916666666666668,NY
2024-01-20,14.7,26.0,52,26.2,0.0,21.0,2024-01-20,2.6374999999999997,NY
2024-01-21,17.6,29.9,52,23.6,0.0,23.0,2024-01-21,2.3833333333333333,NY
2024-01-22,28.0,38.5,56,17.6,0.0,27.6,2024-01-22,8.333333333333334,NY
2024-01-23,34.1,40.2,69,18.8,1.7,33.9,2024-01-23,28.59583333333333,NY
2024-01-24,38.6,42.0,96,10.5,3.2,37.1,2024-01-24,25.495833333333334,NY
2024-01-25,50.5,52.4,97,21.2,5.6,47.9,2024-01-25,15.083333333333334,NY
2024-01-26,44.5,46.9,95,15.7,4.6,43.1,2024-01-26,16.783333333333335,NY
2024-01-27,42.8,47.4,85,13.0,0.0,41.6,2024-01-27,18.575,NY
2024-01-28,35.0,39.6,95,28.8,21.3,38.1,2024-01-28,6.420833333333333,NY
2024-01-29,30.8,42.5,74,27.6,0.7,37.3,2024-01-29,3.0500000000000003,NY
2024-01-30,32.8,39.7,72,12.1,0.0,32.8,2024-01-30,7.170833333333333,NY
2024-01-31,34.0,40.0,76,11.2,0.2,35.9,2024-01-31,13.5875,NY
2024-02-01,41.4,48.2,82,19.8,0.6,36.1,2024-02-01,21.383333333333336,NY
2024-02-02,36.2,42.8,85,22.6,6.3,38.8,2024-02-02,17.175,NY
2024-02-03,33.1,42.8,57,24.2,0.0,34.1,2024-02-03,6.041666666666667,NY
2024-02-04,38.6,45.5,60,14.8,0.0,33.6,2024-02-04,10.820833333333333,NY
2024-02-05,35.3,44.7,52,28.2,0.0,33.6,2024-02-05,11.2125,NY
2024-02-06,33.9,42.2,53,19.1,0.0,31.5,2024-02-06,10.783333333333333,NY
2024-02-07,40.1,46.7,60,12.7,0.0,34.8,2024-02-07,18.620833333333334,NY
2024-02-08,44.3,50.0,72,10.5,0.0,35.8,2024-02-08,24.72083333333333,NY
2024-02-09,46.4,52.4,84,14.9,0.0,41.4,2024-02-09,10.883333333333333,NY
2024-02-10,55.5,60.5,82,16.6,0.1,46.9,2024-02-10,20.1375,NY
2024-02-11,42.1,48.2,73,15.6,0.0,44.3,2024-02-11,12.754166666666668,NY
2024-02-12,43.4,48.5,72,11.3,0.1,39.1,2024-02-12,15.283333333333333,NY
2024-02-13,30.9,38.1,82,25.6,27.7,33.7,2024-02-13,10.9,NY
2024-02-14,21.4,32.6,61,25.7,0.0,28.5,2024-02-14,3.6625,NY
2024-02-15,29.3,37.1,56,22.3,0.2,30.2,2024-02-15,7.829166666666667,NY
2024-02-16,30.1,41.1,55,31.2,0.0,34.3,2024-02-16,8.566666666666666,NY
2024-02-17,26.4,36.0,72,21.7,5.9,30.3,2024-02-17,16.070833333333333,NY
2024-02-18,29.3,40.9,58,29.4,0.0,28.5,2024-02-18,11.762500000000001,NY
2024-02-19,29.9,39.4,51,20.8,0.0,31.4,2024-02-19,10.799999999999999,NY
2024-02-20,30.2,36.2,54,13.1,0.0,27.2,2024-02-20,10.487499999999999,NY
2024-02-21,31.8,40.2,73,15.0,0.0,29.9,2024-02-21,15.558333333333332,NY
2024-02-22,36.2,44.2,83,19.8,0.3,33.9,2024-02-22,16.491666666666667,NY
2024-02-23,41.8,46.8,92,12.8,3.1,40.1,2024-02-23,17.820833333333333,NY
2024-02-24,31.1,42.0,57,21.4,0.0,36.1,2024-02-24,10.333333333333334,NY
2024-02-25,30.7,39.3,56,16.2,0.0,28.0,2024-02-25,11.991666666666667,NY
2024-02-26,46.5,52.6,76,13.5,2.9,38.0,2024-02-26,17.2375,NY
2024-02-27,52.0,57.0,85,26.1,3.8,45.8,2024-02-27,21.162499999999998,NY
2024-02-28,59.0,62.9,89,34.2,15.7,56.6,2024-02-28,10.262500000000001,NY
2024-02-29,33.0,44.1,43,30.7,0.1,33.8,2024-02-29,4.370833333333334,NY
2024-03-01,35.5,42.6,58,20.3,0.0,33.4,2024-03-01,12.329166666666666,NY
2024-03-02,46.7,50.3,92,26.5,28.1,43.9,2024-03-02,14.516666666666667,NY
2024-03-03,61.9,65.7,80,15.8,0.0,52.9,2024-03-03,13.120833333333332,NY
2024-03-04,54.1,57.8,87,21.8,0.0,46.7,2024-03-04,18.474999999999998,NY
2024-03-05,44.6,47.1,96,20.1,20.3,43.7,2024-03-05,7.308333333333334,NY
2024-03-06,47.1,49.6,95,20.6,33.2,44.9,2024-03-06,15.958333333333334,NY
2024-03-07,46.3,54.8,79,28.0,3.5,49.5,2024-03-07,4.1125,NY
2024-03-08,49.5,54.3,66,21.6,0.0,42.8,2024-03-08,9.6625,NY
2024-03-09,39.6,46.3,85,33.5,28.7,41.5,2024-03-09,10.0,NY
2024-03-10,47.5,51.5,71,30.6,20.9,45.1,2024-03-10,3.3708333333333336,NY
2024-03-11,35.5,50.2,41,45.9,0.0,41.1,2024-03-11,3.795833333333333,NY
2024-03-12,55.5,63.6,51,21.5,0.0,48.7,2024-03-12,8.695833333333333,NY
2024-03-13,54.5,59.7,72,15.0,0.0,47.7,2024-03-13,20.708333333333332,NY
2024-03-14,69.3,70.3,67,15.8,0.0,52.9,2024-03-14,25.508333333333336,NY
2024-03-15,66.7,71.0,60,24.1,0.8,58.9,2024-03-15,12.454166666666666,NY
2024-03-16,50.6,57.8,67,20.7,0.1,48.8,2024-03-16,12.058333333333332,NY
2024-03-17,50.8,60.4,57,28.8,0.4,51.6,2024-03-17,9.3125,NY
2024-03-18,38.9,48.6,44,20.6,0.0,44.0,2024-03-18,8.112499999999999,NY
2024-03-19,34.0,45.5,51,27.8,0.5,38.4,2024-03-19,6.195833333333333,NY
2024-03-20,48.2,53.5,60,30.7,2.8,42.6,2024-03-20,11.35,NY
2024-03-21,29.9,42.0,40,30.3,0.0,33.4,2024-03-21,2.4250000000000003,NY
2024-03-22,36.4,42.2,55,18.9,0.0,33.6,2024-03-22,10.012500000000001,NY
2024-03-23,47.4,50.0,89,33.3,63.6,42.4,2024-03-23,13.233333333333334,NY
2024-03-24,38.7,47.5,43,33.5,0.0,36.7,2024-03-24,5.4125000000000005,NY
2024-03-25,43.1,50.4,53,22.1,0.0,39.3,2024-03-25,9.679166666666667,NY
2024-03-26,44.0,49.9,62,18.8,0.0,42.1,2024-03-26,13.079166666666666,NY
2024-03-27,48.2,51.6,79,11.2,0.6,45.4,2024-03-27,20.329166666666666,NY
2024-03-28,46.7,51.3,94,18.5,21.5,47.3,2024-03-28,19.241666666666667,NY
2024-03-29,44.1,54.8,45,34.5,0.4,45.4,2024-03-29,7.579166666666667,NY
2024-03-30,48.9,58.3,52,24.3,0.1,46.6,2024-03-30,5.675,NY
2024-03-31,54.4,61.3,61,20.3,0.2,50.9,2024-03-31,12.5625,NY
2024-04-01,52.6,54.7,77,13.2,3.3,47.2,2024-04-01,25.875,NY
2024-04-02,45.2,48.0,92,20.7,19.0,45.2,2024-04-02,26.483333333333334,NY
2024-04-03,35.8,44.5,90,39.8,25.6,42.4,2024-04-03,9.15,NY
2024-04-04,40.7,48.6,76,38.8,9.1,42.2,2024-04-04,4.2749999999999995,NY
2024-04-05,37.5,49.2,62,28.5,0.0,41.8,2024-04-05,5.3125,NY
2024-04-06,41.2,52.7,58,27.9,0.2,44.4,2024-04-06,3.1916666666666664,NY
2024-04-07,47.7,57.7,60,24.1,0.1,44.9,2024-04-07,8.858333333333333,NY
2024-04-08,60.9,64.5,66,14.2,1.0,48.0,2024-04-08,20.358333333333334,NY
2024-04-09,74.6,75.2,62,18.2,0.0,57.4,2024-04-09,20.275000000000002,NY
2024-04-10,58.5,60.7,79,16.6,0.6,53.9,2024-04-10,19.045833333333334,NY
2024-04-11,60.0,62.9,90,29.4,6.5,54.4,2024-04-11,14.179166666666667,NY
2024-04-12,64.3,67.3,76,39.0,14.9,60.0,2024-04-12,9.116666666666667,NY
2024-04-13,45.9,53.8,63,35.3,2.0,49.4,2024-04-13,4.570833333333334,NY
2024-04-14,65.3,72.0,50,23.8,0.9,57.6,2024-04-14,9.091666666666667,NY
2024-04-15,74.2,76.6,62,24.6,0.0,64.7,2024-04-15,12.566666666666668,NY
2024-04-16,63.5,69.0,49,18.5,0.0,57.7,2024-04-16,10.275,NY
2024-04-17,54.7,60.2,72,18.4,3.0,51.2,2024-04-17,17.816666666666666,NY
2024-04-18,43.9,48.8,84,25.0,6.2,47.4,2024-04-18,10.954166666666666,NY
2024-04-19,51.2,55.8,79,20.4,0.0,47.4,2024-04-19,9.445833333333333,NY
2024-04-20,63.2,68.3,65,28.8,2.3,55.2,2024-04-20,11.137500000000001,NY
2024-04-21,43.8,53.7,51,23.0,0.0,45.8,2024-04-21,7.141666666666667,NY
2024-04-22,53.8,59.0,53,17.0,0.0,47.6,2024-04-22,11.429166666666667,NY
2024-04-23,53.6,58.6,60,27.8,0.0,48.7,2024-04-23,16.566666666666666,NY
2024-04-24,66.6,70.5,54,32.0,1.6,56.3,2024-04-24,12.9625,NY
2024-04-25,50.4,54.1,53,22.0,0.0,45.8,2024-04-25,9.733333333333333,NY
2024-04-26,57.2,58.2,67,19.2,0.0,46.4,2024-04-26,15.991666666666667,NY
2024-04-27,51.9,58.1,63,27.1,0.3,48.3,2024-04-27,13.016666666666667,NY
2024-04-28,75.2,73.0,75,16.3,0.6,59.6,2024-04-28,19.712500000000002,NY
2024-04-29,90.2,82.9,80,15.5,3.4,67.7,2024-04-29,17.5625,NY
2024-04-30,75.7,73.2,82,14.6,2.2,59.8,2024-04-30,17.55,NY
2024-05-01,76.8,76.6,79,19.8,1.5,59.7,2024-05-01,17.995833333333334,NY
2024-05-02,85.6,82.0,69,22.7,0.0,65.0,2024-05-02,13.904166666666667,NY
2024-05-03,61.3,63.1,71,19.2,0.0,56.5,2024-05-03,11.2875,NY
2024-05-04,58.3,61.8,77,21.2,0.0,52.8,2024-05-04,13.1875,NY
2024-05-05,53.4,53.7,88,23.7,8.6,51.1,2024-05-05,8.766666666666667,NY
2024-05-06,74.7,72.8,88,11.6,0.8,62.2,2024-05-06,19.25,NY
2024-05-07,79.5,79.0,61,15.2,0.0,66.4,2024-05-07,15.245833333333332,NY
2024-05-08,85.7,87.5,63,26.6,0.0,73.4,2024-05-08,15.495833333333332,NY
2024-05-09,66.7,69.8,61,16.6,0.0,63.5,2024-05-09,11.908333333333333,NY
2024-05-10,55.8,59.1,83,19.7,12.9,51.1,2024-05-10,9.4375,NY
2024-05-11,58.1,61.8,72,19.8,0.0,52.5,2024-05-11,12.633333333333333,NY
2024-05-12,52.4,56.2,79,14.8,7.6,51.0,2024-05-12,9.904166666666667,NY
2024-05-13,64.9,68.0,79,23.6,0.0,55.2,2024-05-13,14.016666666666666,NY
2024-05-14,72.0,72.6,80,21.3,3.2,61.3,2024-05-14,12.612499999999999,NY
2024-05-15,63.0,67.6,89,26.0,6.8,60.3,2024-05-15,11.104166666666666,NY
2024-05-16,63.9,66.2,86,31.4,4.8,61.7,2024-05-16,5.995833333333334,NY
2024-05-17,71.5,72.8,75,18.3,0.0,63.4,2024-05-17,21.65833333333333,NY
2024-05-18,73.1,73.0,78,15.7,2.2,61.9,2024-05-18,22.27916666666667,NY
2024-05-19,73.6,74.0,80,19.7,0.2,62.1,2024-05-19,11.116666666666667,NY
2024-05-20,79.4,74.8,82,19.0,0.0,61.5,2024-05-20,17.4375,NY
2024-05-21,87.1,80.8,82,17.0,0.0,66.5,2024-05-21,18.599999999999998,NY
2024-05-22,87.6,83.4,73,22.8,0.0,71.6,2024-05-22,16.462500000000002,NY
2024-05-23,83.3,80.9,75,16.1,3.0,72.9,2024-05-23,18.400000000000002,NY
2024-05-24,83.0,84.8,61,15.5,0.0,72.6,2024-05-24,18.229166666666668,NY
2024-05-25,81.4,78.8,66,17.5,0.0,67.3,2024-05-25,13.179166666666667,NY
2024-05-26,83.9,78.9,87,16.0,0.2,68.0,2024-05-26,24.641666666666666,NY
2024-05-27,72.5,72.6,95,26.5,34.6,66.6,2024-05-27,6.395833333333333,NY
2024-05-28,79.6,80.8,69,26.7,0.0,71.6,2024-05-28,11.995833333333332,NY
2024-05-29,79.2,77.2,72,17.6,12.4,66.2,2024-05-29,15.033333333333333,NY
2024-05-30,68.5,71.1,68,21.7,2.2,63.7,2024-05-30,12.9,NY
2024-05-31,72.7,77.0,47,20.4,0.0,65.5,2024-05-31,7.7124999999999995,NY
2024-06-01,82.2,82.7,45,16.0,0.0,69.4,2024-06-01,11.779166666666667,NY
2024-06-02,81.2,81.1,56,21.3,0.0,69.9,2024-06-02,22.054166666666664,NY
2024-06-03,90.8,86.1,63,15.2,0.2,74.6,2024-06-03,22.45,NY
2024-06-04,81.7,78.2,77,18.4,0.0,69.4,2024-06-04,22.46666666666667,NY
2024-06-05,83.0,79.3,87,23.6,6.6,68.6,2024-06-05,13.533333333333333,NY
2024-06-06,88.0,82.0,86,32.8,40.5,73.7,2024-06-06,14.174999999999999,NY
2024-06-07,82.0,83.4,62,23.4,0.5,73.5,2024-06-07,16.075,NY
2024-06-08,72.6,77.5,56,26.3,0.0,68.8,2024-06-08,7.729166666666667,NY
2024-06-09,74.5,77.7,60,27.0,0.1,68.8,2024-06-09,14.416666666666666,NY
2024-06-10,72.0,76.0,55,17.7,0.0,67.0,2024-06-10,9.762500000000001,NY
2024-06-11,73.9,74.0,68,11.4,1.1,66.0,2024-06-11,12.6875,NY
2024-06-12,77.5,78.4,68,18.0,0.0,67.8,2024-06-12,18.275000000000002,NY
2024-06-13,86.2,84.3,66,31.2,0.0,71.3,2024-06-13,18.629166666666666,NY
2024-06-14,93.6,85.4,76,15.5,18.9,73.7,2024-06-14,17.675,NY
2024-06-15,79.2,81.3,62,22.6,0.0,71.3,2024-06-15,10.854166666666666,NY
2024-06-16,77.3,75.3,62,18.6,0.0,66.5,2024-06-16,9.229166666666666,NY
2024-06-17,88.2,85.2,73,25.8,0.0,73.1,2024-06-17,12.225,NY
2024-06-18,92.4,85.9,68,24.4,0.0,77.1,2024-06-18,12.933333333333332,NY
2024-06-19,94.7,88.0,64,25.0,0.0,76.9,2024-06-19,11.541666666666666,NY
2024-06-20,96.5,92.1,61,21.3,0.0,79.5,2024-06-20,12.654166666666667,NY
2024-06-21,102.4,96.0,60,21.2,0.0,82.2,2024-06-21,14.766666666666666,NY
2024-06-22,104.2,94.4,73,16.7,5.0,80.8,2024-06-22,23.270833333333332,NY
2024-06-23,97.9,97.3,61,26.7,0.1,84.8,2024-06-23,18.291666666666668,NY
2024-06-24,82.5,81.0,54,39.0,0.0,77.5,2024-06-24,11.279166666666667,NY
2024-06-25,93.2,92.9,41,23.7,0.0,79.6,2024-06-25,11.75,NY
2024-06-26,101.2,96.5,53,28.0,0.1,83.2,2024-06-26,15.891666666666667,NY
2024-06-27,85.2,86.7,61,19.2,10.6,77.4,2024-06-27,12.158333333333333,NY
2024-06-28,80.3,77.8,50,21.6,0.0,68.5,2024-06-28,6.845833333333334,NY
2024-06-29,80.0,80.4,77,34.1,1.7,73.6,2024-06-29,9.079166666666667,NY
2024-06-30,96.8,92.2,83,24.0,20.8,79.3,2024-06-30,17.004166666666666,NY
2024-07-01,76.9,80.4,60,24.7,0.1,71.5,2024-07-01,9.079166666666667,NY
2024-07-02,88.4,83.8,53,15.5,0.0,73.0,2024-07-02,11.533333333333333,NY
2024-07-03,82.2,82.6,57,27.9,0.0,73.0,2024-07-03,10.5625,NY
2024-07-04,93.1,86.9,67,19.7,1.8,76.7,2024-07-04,13.491666666666667,NY
2024-07-05,99.2,90.1,80,18.2,1.7,80.4,2024-07-05,22.25,NY
2024-07-06,103.0,91.8,76,16.6,3.2,82.6,2024-07-06,20.154166666666665,NY
2024-07-07,98.6,90.8,71,15.9,1.6,82.2,2024-07-07,29.8125,NY
2024-07-08,99.1,91.4,77,15.3,0.0,80.6,2024-07-08,31.650000000000002,NY
2024-07-09,96.5,87.9,81,24.9,0.2,80.6,2024-07-09,19.1875,NY
2024-07-10,97.6,89.8,75,34.5,0.3,82.6,2024-07-10,8.8125,NY
2024-07-11,93.3,94.2,65,28.2,5.6,82.5,2024-07-11,10.641666666666667,NY
2024-07-12,89.7,85.1,77,19.9,6.0,77.4,2024-07-12,12.929166666666667,NY
2024-07-13,96.5,87.4,83,17.1,27.5,77.7,2024-07-13,12.520833333333334,NY
2024-07-14,97.3,88.5,75,15.9,1.2,80.7,2024-07-14,24.6375,NY
2024-07-15,101.3,95.5,70,20.8,0.5,83.9,2024-07-15,21.270833333333332,NY
2024-07-16,99.5,95.5,64,24.5,0.8,84.1,2024-07-16,19.075,NY
2024-07-17,98.6,89.8,78,18.3,33.7,81.3,2024-07-17,28.858333333333334,NY
2024-07-18,90.2,87.6,67,13.7,0.4,78.3,2024-07-18,17.599999999999998,NY
2024-07-19,84.5,84.1,54,15.6,0.0,74.9,2024-07-19,10.941666666666668,NY
2024-07-20,84.6,83.9,66,17.6,2.1,75.5,2024-07-20,23.075,NY
2024-07-21,94.5,88.6,65,21.6,0.1,78.7,2024-07-21,23.545833333333334,NY
2024-07-22,89.4,83.2,78,20.7,4.5,76.4,2024-07-22,16.650000000000002,NY
2024-07-23,92.4,85.4,83,8.5,3.3,76.2,2024-07-23,14.979166666666666,NY
2024-07-24,90.6,85.2,84,14.9,8.8,76.3,2024-07-24,25.425,NY
2024-07-25,89.8,87.4,71,16.3,0.0,77.2,2024-07-25,26.045833333333334,NY
2024-07-26,84.4,85.0,50,21.1,0.0,75.1,2024-07-26,11.483333333333334,NY
2024-07-27,86.3,86.1,57,15.0,0.0,75.8,2024-07-27,18.929166666666667,NY
2024-07-28,89.6,88.7,61,23.1,0.0,76.1,2024-07-28,26.254166666666666,NY
2024-07-29,89.6,85.2,75,17.9,4.0,77.1,2024-07-29,22.054166666666664,NY
2024-07-30,92.7,89.8,74,28.8,0.0,79.4,2024-07-30,17.295833333333334,NY
2024-07-31,94.5,89.7,79,18.2,9.9,78.9,2024-07-31,14.604166666666666,NY
2024-08-01,101.1,94.8,71,16.9,0.1,81.8,2024-08-01,22.508333333333336,NY
2024-08-02,98.3,91.5,78,21.6,10.0,81.1,2024-08-02,26.71666666666667,NY
2024-08-03,99.2,91.6,81,19.5,13.1,80.5,2024-08-03,21.78333333333333,NY
2024-08-04,88.9,82.9,88,14.3,13.7,76.2,2024-08-04,22.666666666666668,NY
2024-08-05,96.6,89.6,70,19.8,0.0,80.0,2024-08-05,17.629166666666666,NY
2024-08-06,100.3,90.7,81,15.9,37.5,78.5,2024-08-06,22.40416666666667,NY
2024-08-07,78.5,72.9,87,21.2,24.0,70.1,2024-08-07,7.279166666666666,NY
2024-08-08,75.9,74.2,89,24.3,5.7,69.3,2024-08-08,8.370833333333334,NY
2024-08-09,83.9,83.4,89,44.3,23.7,76.7,2024-08-09,7.925,NY
2024-08-10,87.8,85.2,72,18.2,1.0,77.6,2024-08-10,11.987499999999999,NY
2024-08-11,83.8,81.6,61,19.7,0.0,73.7,2024-08-11,13.075000000000001,NY
2024-08-12,77.3,79.5,65,20.4,0.0,71.4,2024-08-12,15.120833333333332,NY
2024-08-13,80.3,80.8,66,14.7,0.0,70.9,2024-08-13,10.495833333333334,NY
2024-08-14,83.3,83.4,66,15.8,0.1,73.4,2024-08-14,18.425,NY
2024-08-15,88.6,86.6,66,11.6,0.0,75.3,2024-08-15,20.516666666666666,NY
2024-08-16,92.6,86.8,73,18.4,0.0,75.5,2024-08-16,32.0,NY
2024-08-17,82.1,79.7,85,24.3,4.6,74.1,2024-08-17,22.787499999999998,NY
2024-08-18,80.4,78.4,90,25.1,27.5,73.2,2024-08-18,17.566666666666666,NY
2024-08-19,90.4,83.3,86,19.8,29.7,73.3,2024-08-19,10.6875,NY
2024-08-20,69.3,72.6,60,22.7,0.1,66.4,2024-08-20,5.8374999999999995,NY
2024-08-21,68.8,73.0,60,20.9,0.0,64.3,2024-08-21,11.341666666666667,NY
2024-08-22,72.9,76.4,63,19.2,0.0,66.1,2024-08-22,16.229166666666668,NY
2024-08-23,81.0,81.5,67,14.0,0.0,69.1,2024-08-23,19.354166666666668,NY
2024-08-24,87.7,85.9,66,14.8,0.0,71.7,2024-08-24,26.083333333333332,NY
2024-08-25,89.2,86.4,66,17.3,0.2,73.5,2024-08-25,25.041666666666668,NY
2024-08-26,91.0,85.9,70,22.7,0.9,73.9,2024-08-26,21.6125,NY
2024-08-27,91.1,85.8,76,20.2,0.0,74.0,2024-08-27,25.008333333333336,NY
2024-08-28,98.6,93.6,69,15.9,0.0,81.0,2024-08-28,14.604166666666666,NY
2024-08-29,84.8,80.6,73,19.1,4.6,74.0,2024-08-29,10.987499999999999,NY
2024-08-30,74.2,75.1,74,18.1,3.9,69.3,2024-08-30,9.512500000000001,NY
2024-08-31,80.8,78.4,82,17.7,0.9,71.2,2024-08-31,13.254166666666668,NY
2024-09-01,87.2,84.5,80,19.8,4.8,75.7,2024-09-01,17.204166666666666,NY
2024-09-02,78.8,79.3,58,19.9,0.0,71.3,2024-09-02,8.791666666666666,NY
2024-09-03,70.9,73.4,54,17.1,0.0,64.0,2024-09-03,12.862499999999999,NY
2024-09-04,78.5,77.3,64,14.0,0.0,65.2,2024-09-04,20.216666666666665,NY
2024-09-05,78.5,78.2,70,17.4,0.0,66.1,2024-09-05,18.0375,NY
2024-09-06,82.5,79.8,78,17.7,0.1,68.0,2024-09-06,11.608333333333334,NY
2024-09-07,75.6,76.2,82,25.2,3.1,67.7,2024-09-07,10.070833333333333,NY
2024-09-08,65.3,71.3,59,21.0,0.0,61.6,2024-09-08,7.404166666666666,NY
2024-09-09,73.3,77.1,52,20.9,0.0,64.4,2024-09-09,9.920833333333333,NY
2024-09-10,78.0,79.0,58,14.5,0.0,67.2,2024-09-10,11.375,NY
2024-09-11,79.1,78.0,66,12.7,0.0,65.4,2024-09-11,9.641666666666667,NY
2024-09-12,81.3,79.3,79,16.3,0.0,67.1,2024-09-12,20.145833333333332,NY
2024-09-13,83.9,81.4,77,13.7,0.0,67.9,2024-09-13,22.120833333333334,NY
2024-09-14,86.9,85.4,75,14.0,0.0,71.3,2024-09-14,30.1875,NY
2024-09-15,83.9,82.6,72,19.1,0.0,69.7,2024-09-15,19.108333333333334,NY
2024-09-16,78.2,78.4,76,14.4,0.0,66.1,2024-09-16,13.495833333333332,NY
2024-09-17,82.1,81.0,78,18.1,0.0,68.2,2024-09-17,13.475000000000001,NY
2024-09-18,73.3,74.9,76,17.5,0.0,69.2,2024-09-18,13.200000000000001,NY
2024-09-19,83.5,85.6,62,17.3,0.0,73.0,2024-09-19,16.958333333333332,NY
2024-09-20,81.7,82.0,70,20.3,0.0,71.6,2024-09-20,9.958333333333334,NY
2024-09-21,78.0,80.8,65,18.1,0.0,68.5,2024-09-21,7.058333333333334,NY
2024-09-22,75.7,77.6,67,17.2,0.0,65.9,2024-09-22,7.7250000000000005,NY
2024-09-23,66.7,70.0,65,16.9,0.1,63.1,2024-09-23,8.133333333333333,NY
2024-09-24,65.8,68.4,66,17.2,0.0,63.4,2024-09-24,5.95,NY
2024-09-25,66.3,69.4,71,20.8,1.1,64.3,2024-09-25,7.420833333333333,NY
2024-09-26,78.7,74.0,90,17.7,4.4,68.6,2024-09-26,10.174999999999999,NY
2024-09-27,76.5,72.1,82,15.4,0.9,68.8,2024-09-27,14.458333333333334,NY
2024-09-28,68.0,68.0,85,19.8,13.7,64.2,2024-09-28,10.470833333333333,NY
2024-09-29,64.3,65.6,83,17.8,1.2,63.0,2024-09-29,9.5625,NY
2024-09-30,70.4,73.2,75,18.5,0.0,64.6,2024-09-30,11.137500000000001,NY
2024-10-01,69.1,72.0,74,16.5,0.0,63.6,2024-10-01,7.791666666666667,NY
2024-10-02,68.1,69.3,77,14.3,0.0,61.5,2024-10-02,8.108333333333333,NY
2024-10-03,71.4,72.2,77,15.1,0.1,64.3,2024-10-03,12.704166666666666,NY
2024-10-04,74.1,74.1,83,16.9,0.2,63.5,2024-10-04,12.816666666666668,NY
2024-10-05,71.5,75.3,69,18.0,0.4,65.7,2024-10-05,10.895833333333334,NY
2024-10-06,69.9,71.3,73,17.2,0.0,60.9,2024-10-06,9.125,NY
2024-10-07,70.4,74.5,66,19.7,5.5,65.6,2024-10-07,10.141666666666667,NY
2024-10-08,63.9,69.6,55,16.7,0.0,59.9,2024-10-08,6.104166666666667,NY
2024-10-09,61.5,68.5,55,22.2,0.1,58.9,2024-10-09,10.245833333333334,NY
2024-10-10,55.5,64.5,54,21.3,0.0,54.2,2024-10-10,5.533333333333334,NY
2024-10-11,62.8,70.1,57,18.9,0.0,56.4,2024-10-11,9.804166666666665,NY
2024-10-12,67.1,73.7,46,24.0,0.0,63.5,2024-10-12,6.0874999999999995,NY
2024-10-13,73.4,74.5,61,16.4,0.0,62.1,2024-10-13,11.054166666666667,NY
2024-10-14,63.9,67.1,67,36.2,0.0,56.5,2024-10-14,12.741666666666667,NY
2024-10-15,50.0,58.5,56,20.6,0.2,49.7,2024-10-15,5.466666666666666,NY
2024-10-16,51.1,59.9,54,22.0,0.0,49.8,2024-10-16,4.820833333333334,NY
2024-10-17,52.0,59.5,57,23.1,0.0,49.0,2024-10-17,7.4750000000000005,NY
2024-10-18,58.2,67.1,49,20.4,0.0,53.9,2024-10-18,7.0,NY
2024-10-19,68.3,70.9,58,11.5,0.0,55.7,2024-10-19,13.833333333333334,NY
2024-10-20,70.9,76.3,57,11.0,0.0,57.8,2024-10-20,16.133333333333333,NY
2024-10-21,77.3,82.0,53,13.6,0.0,63.3,2024-10-21,14.0875,NY
2024-10-22,80.8,82.0,63,12.5,0.0,66.0,2024-10-22,13.641666666666666,NY
2024-10-23,75.2,77.6,65,17.8,0.0,63.9,2024-10-23,12.799999999999999,NY
2024-10-24,61.8,69.4,55,25.8,0.6,61.3,2024-10-24,6.783333333333334,NY
2024-10-25,57.9,64.7,53,15.8,0.0,53.5,2024-10-25,7.179166666666667,NY
2024-10-26,55.2,64.9,47,24.8,0.0,56.4,2024-10-26,7.2250000000000005,NY
2024-10-27,50.4,58.7,48,18.6,0.0,49.4,2024-10-27,7.4624999999999995,NY
2024-10-28,55.5,61.3,61,15.1,0.0,48.8,2024-10-28,13.054166666666667,NY
2024-10-29,59.3,63.6,81,24.0,1.1,55.1,2024-10-29,13.475,NY
2024-10-30,75.7,78.6,74,13.9,0.0,63.1,2024-10-30,17.670833333333334,NY
2024-10-31,79.0,82.8,66,22.2,0.0,67.8,2024-10-31,14.966666666666667,NY
2024-11-01,72.1,80.0,50,30.4,0.3,69.9,2024-11-01,6.1125,NY
2024-11-02,53.5,60.7,50,20.3,0.0,54.0,2024-11-02,5.075,NY
2024-11-03,47.9,55.9,49,14.5,0.0,45.5,2024-11-03,10.799999999999999,NY
2024-11-04,51.4,57.8,71,19.2,0.0,48.4,2024-11-04,10.858333333333334,NY
2024-11-05,69.0,72.6,78,21.3,0.0,60.2,2024-11-05,9.262500000000001,NY
2024-11-06,77.5,80.5,66,22.8,0.0,69.6,2024-11-06,7.479166666666667,NY
2024-11-07,67.9,73.5,65,21.3,0.0,64.6,2024-11-07,8.408333333333333,NY
2024-11-08,58.7,69.1,54,27.6,0.0,56.3,2024-11-08,7.6125,NY
2024-11-09,46.3,55.4,40,23.5,0.0,47.7,2024-11-09,5.7124999999999995,NY
2024-11-10,51.5,58.0,65,20.4,0.7,47.8,2024-11-10,13.299999999999999,NY
2024-11-11,62.9,69.9,72,25.7,3.3,60.5,2024-11-11,6.0249999999999995,NY
2024-11-12,47.1,53.8,50,26.9,0.0,49.4,2024-11-12,3.9916666666666667,NY
2024-11-13,41.0,48.5,45,13.6,0.0,41.2,2024-11-13,6.070833333333333,NY
2024-11-14,40.6,46.0,53,9.6,0.0,40.5,2024-11-14,9.270833333333334,NY
2024-11-15,52.1,58.6,51,14.5,0.0,46.9,2024-11-15,8.758333333333333,NY
2024-11-16,52.7,61.6,39,16.6,0.0,51.1,2024-11-16,4.0125,NY
2024-11-17,58.0,64.4,40,14.5,0.0,52.4,2024-11-17,9.2125,NY
2024-11-18,58.3,64.2,51,14.0,0.0,54.4,2024-11-18,13.950000000000001,NY
2024-11-19,53.1,58.6,51,13.1,0.0,51.5,2024-11-19,12.450000000000001,NY
2024-11-20,56.3,60.6,59,11.5,0.0,53.2,2024-11-20,18.929166666666667,NY
2024-11-21,49.5,54.0,91,17.5,42.3,47.5,2024-11-21,5.445833333333333,NY
2024-11-22,32.8,40.9,89,24.8,14.9,38.3,2024-11-22,4.8500000000000005,NY
2024-11-23,39.4,47.9,78,25.4,1.4,42.3,2024-11-23,6.0625,NY
2024-11-24,43.6,51.6,63,22.3,0.0,46.6,2024-11-24,5.2,NY
2024-11-25,46.7,51.4,70,10.7,0.0,44.1,2024-11-25,12.804166666666667,NY
2024-11-26,55.2,58.7,76,15.4,3.7,51.3,2024-11-26,12.941666666666668,NY
2024-11-27,44.3,50.5,69,9.6,0.0,42.7,2024-11-27,13.145833333333334,NY
2024-11-28,49.9,53.1,85,20.0,13.1,44.3,2024-11-28,12.208333333333334,NY
2024-11-29,38.0,46.0,72,18.4,0.2,39.0,2024-11-29,5.708333333333333,NY
2024-11-30,28.5,38.3,59,16.9,0.0,32.7,2024-11-30,6.158333333333334,NY
2024-12-01,26.3,36.9,58,17.9,0.0,30.1,2024-12-01,11.466666666666667,NY
2024-12-02,31.1,39.1,64,10.5,0.0,31.2,2024-12-02,11.775,NY
2024-12-03,33.2,41.3,66,11.8,0.0,33.5,2024-12-03,8.625,NY
2024-12-04,30.2,38.9,65,15.8,0.0,32.4,2024-12-04,11.025,NY
2024-12-05,31.7,40.3,68,27.3,3.6,36.1,2024-12-05,7.0249999999999995,NY
2024-12-06,22.4,32.3,57,18.7,0.0,30.1,2024-12-06,4.141666666666667,NY
2024-12-07,31.7,40.4,59,13.9,0.0,33.1,2024-12-07,11.879166666666668,NY
2024-12-08,43.8,52.4,55,19.6,0.0,42.2,2024-12-08,11.533333333333333,NY
2024-12-09,46.6,50.8,86,11.6,7.4,41.9,2024-12-09,27.075,NY
2024-12-10,49.2,51.9,96,13.2,2.1,46.6,2024-12-10,19.3625,NY
2024-12-11,58.8,61.0,94,24.0,34.3,55.3,2024-12-11,6.0375000000000005,NY
2024-12-12,32.4,41.3,55,25.1,0.1,34.9,2024-12-12,3.5375,NY
2024-12-13,23.8,32.5,58,11.3,0.0,27.7,2024-12-13,8.887500000000001,NY
2024-12-14,26.0,33.1,59,8.3,0.0,27.1,2024-12-14,16.0625,NY
2024-12-15,31.2,37.5,71,10.0,0.1,29.8,2024-12-15,14.470833333333333,NY
2024-12-16,45.6,49.1,95,12.5,15.4,41.9,2024-12-16,12.045833333333334,NY
2024-12-17,55.5,58.5,83,15.8,4.7,51.4,2024-12-17,9.387500000000001,NY
2024-12-18,46.0,49.9,80,10.9,2.5,43.3,2024-12-18,20.704166666666666,NY
2024-12-19,40.5,44.2,71,15.0,2.6,40.0,2024-12-19,8.833333333333334,NY
2024-12-20,29.4,36.5,81,14.6,1.7,33.6,2024-12-20,13.320833333333333,NY
2024-12-21,26.1,32.6,75,19.9,4.1,27.2,2024-12-21,5.070833333333334,NY
2024-12-22,9.7,19.5,63,14.5,0.0,15.6,2024-12-22,6.745833333333334,NY
2024-12-23,16.7,24.8,64,9.2,0.0,13.6,2024-12-23,16.333333333333332,NY
2024-12-24,29.4,34.6,81,10.5,1.9,29.0,2024-12-24,18.175,NY
2024-12-25,25.3,32.3,82,10.2,0.0,26.8,2024-12-25,16.45,NY
2024-12-26,25.2,31.6,72,8.3,0.0,23.0,2024-12-26,32.137499999999996,NY
2024-12-27,30.1,35.6,80,6.2,0.0,25.1,2024-12-27,49.862500000000004,NY
2024-12-28,41.7,45.1,96,6.7,5.6,39.2,2024-12-28,28.379166666666666,NY
2024-12-29,60.6,61.0,93,22.4,2.7,49.2,2024-12-29,18.079166666666666,NY
2024-12-30,51.5,55.4,77,25.5,5.8,52.6,2024-12-30,6.241666666666667,NY
2024-12-31,44.5,49.5,78,12.2,5.9,43.2,2024-12-31,12.533333333333333,NY
2025-01-01,45.6,51.7,81,23.2,4.5,45.3,2025-01-01,6.691666666666666,NY
2025-01-02,30.6,41.7,56,25.1,0.0,36.7,2025-01-02,2.3874999999999997,NY
2025-01-03,29.3,37.8,59,17.1,0.0,32.7,2025-01-03,5.529166666666666,NY
2025-01-04,20.9,31.9,51,26.1,0.0,29.4,2025-01-04,3.5124999999999997,NY
2025-01-05,21.9,32.6,52,19.9,0.0,28.1,2025-01-05,4.641666666666667,NY
2025-01-06,23.7,29.2,74,16.7,1.7,27.8,2025-01-06,10.174999999999999,NY
2025-01-07,15.7,26.7,62,29.9,0.0,22.6,2025-01-07,3.1999999999999997,NY
2025-01-08,15.2,27.6,49,25.4,0.0,24.3,2025-01-08,2.1083333333333334,NY
2025-01-09,16.4,29.3,53,29.0,0.0,24.5,2025-01-09,2.2916666666666665,NY
2025-01-10,29.3,37.9,55,22.5,0.0,30.5,2025-01-10,5.383333333333333,NY
2025-01-11,25.1,32.8,72,17.3,2.0,29.8,2025-01-11,13.720833333333333,NY
2025-01-12,33.2,40.7,66,14.9,0.0,33.0,2025-01-12,16.95,NY
2025-01-13,35.4,43.9,64,18.3,0.0,34.3,2025-01-13,27.870833333333334,NY
2025-01-14,24.0,32.6,50,21.1,0.0,28.9,2025-01-14,5.495833333333334,NY
2025-01-15,18.5,30.1,49,23.7,0.0,25.9,2025-01-15,5.016666666666667,NY
2025-01-16,22.0,31.0,57,10.7,0.3,26.3,2025-01-16,16.158333333333335,NY
2025-01-17,34.3,41.0,66,10.8,0.0,30.8,2025-01-17,21.40416666666667,NY
2025-01-18,38.1,43.7,80,14.9,2.1,37.1,2025-01-18,24.59166666666667,NY
2025-01-19,30.8,36.7,90,18.3,8.8,33.3,2025-01-19,12.654166666666667,NY
2025-01-20,18.5,27.3,65,16.3,0.2,19.3,2025-01-20,6.520833333333333,NY
2025-01-21,8.2,16.9,62,10.0,0.4,11.5,2025-01-21,11.9125,NY
2025-01-22,10.2,17.3,54,11.0,0.0,10.8,2025-01-22,19.599999999999998,NY
2025-01-23,17.6,25.8,53,8.3,0.0,16.5,2025-01-23,34.225,NY
2025-01-24,21.9,30.1,65,10.7,0.0,20.6,2025-01-24,21.895833333333332,NY
2025-01-25,19.9,28.4,68,11.6,0.0,19.4,2025-01-25,26.454166666666666,NY
2025-01-26,31.0,39.4,64,15.9,0.0,30.1,2025-01-26,16.974999999999998,NY
2025-01-27,26.5,35.7,59,17.7,0.0,29.7,2025-01-27,15.866666666666667,NY
2025-01-28,29.3,39.9,53,23.3,0.0,33.2,2025-01-28,17.333333333333332,NY
2025-01-29,38.9,48.5,52,23.3,0.0,39.3,2025-01-29,13.424999999999999,NY
2025-01-30,26.0,33.9,52,15.5,0.0,28.4,2025-01-30,7.4375,NY
2025-01-31,39.5,43.2,90,13.5,10.3,38.5,2025-01-31,17.425,NY
2025-02-01,38.3,43.2,68,19.4,2.4,33.3,2025-02-01,9.670833333333333,NY
2025-02-02,27.3,34.4,57,11.7,1.2,23.9,2025-02-02,9.0875,NY
2025-02-03,37.9,43.0,85,12.8,0.3,35.3,2025-02-03,27.045833333333334,NY
2025-02-04,34.7,43.1,67,23.0,0.3,38.5,2025-02-04,8.1875,NY
2025-02-05,28.0,35.2,54,14.5,0.0,29.4,2025-02-05,7.416666666666667,NY
2025-02-06,35.1,40.0,88,14.1,8.5,34.0,2025-02-06,14.104166666666666,NY
2025-02-07,31.4,41.2,64,25.7,0.0,34.5,2025-02-07,8.887500000000001,NY
2025-02-08,27.2,34.1,59,10.1,7.8,28.7,2025-02-08,11.308333333333332,NY
2025-02-09,27.1,34.5,86,13.1,6.4,31.8,2025-02-09,11.941666666666668,NY
2025-02-10,24.9,33.0,70,12.9,0.0,28.3,2025-02-10,11.670833333333334,NY
2025-02-11,25.9,31.6,76,5.7,1.2,24.4,2025-02-11,32.854166666666664,NY
2025-02-12,26.1,32.7,88,13.0,4.5,30.8,2025-02-12,24.266666666666666,NY
2025-02-13,37.8,45.0,89,19.4,6.6,38.1,2025-02-13,9.179166666666667,NY
2025-02-14,24.3,33.8,55,19.2,0.0,30.0,2025-02-14,6.4750000000000005,NY
2025-02-15,27.5,35.1,67,12.7,6.9,30.3,2025-02-15,19.679166666666667,NY
2025-02-16,37.2,45.3,95,28.7,23.1,37.3,2025-02-16,7.641666666666667,NY
2025-02-17,22.0,33.6,51,27.2,0.0,29.3,2025-02-17,3.8708333333333336,NY
2025-02-18,17.7,26.6,35,20.5,0.0,22.5,2025-02-18,4.633333333333334,NY
2025-02-19,20.8,30.0,46,16.5,0.0,22.7,2025-02-19,7.670833333333333,NY
2025-02-20,21.7,30.1,57,19.3,0.9,23.3,2025-02-20,6.154166666666666,NY
2025-02-21,21.3,31.6,55,20.6,0.0,24.9,2025-02-21,4.966666666666667,NY
2025-02-22,31.0,38.7,57,15.0,0.0,28.1,2025-02-22,11.875,NY
2025-02-23,39.6,46.3,56,11.7,0.0,36.5,2025-02-23,26.662499999999998,NY
2025-02-24,39.8,46.9,67,17.4,0.0,38.2,2025-02-24,31.670833333333334,NY
2025-02-25,50.0,54.6,67,12.9,0.0,44.8,2025-02-25,14.079166666666666,NY
2025-02-26,49.8,56.8,67,19.1,0.1,44.9,2025-02-26,13.483333333333334,NY
2025-02-27,50.7,53.8,78,14.8,9.2,47.4,2025-02-27,21.504166666666666,NY
2025-02-28,41.0,49.6,56,17.8,0.0,43.0,2025-02-28,8.204166666666667,NY
2025-03-01,53.9,60.9,50,26.3,0.0,44.6,2025-03-01,7.129166666666666,NY
2025-03-02,23.3,33.1,38,19.2,0.0,26.0,2025-03-02,4.1375,NY
2025-03-03,29.8,38.7,43,13.0,0.0,29.2,2025-03-03,6.870833333333334,NY
2025-03-04,49.2,55.3,57,13.1,0.0,40.6,2025-03-04,13.533333333333333,NY
2025-03-05,49.1,54.7,80,28.0,39.2,49.5,2025-03-05,7.345833333333334,NY
2025-03-06,51.0,54.0,70,25.2,2.9,49.3,2025-03-06,4.6625000000000005,NY
2025-03-07,36.2,46.9,45,30.4,0.0,38.9,2025-03-07,2.3375,NY
2025-03-08,33.7,43.2,49,22.7,0.0,38.5,2025-03-08,4.45,NY
2025-03-09,43.9,50.7,53,24.4,0.0,38.6,2025-03-09,6.4624999999999995,NY
2025-03-10,59.4,62.9,57,13.2,0.0,49.1,2025-03-10,11.758333333333333,NY
2025-03-11,57.4,61.1,66,11.2,0.0,49.2,2025-03-11,22.816666666666666,NY
2025-03-12,46.7,52.4,53,15.0,0.0,45.4,2025-03-12,10.058333333333334,NY
2025-03-13,46.5,50.8,71,10.9,0.0,42.2,2025-03-13,12.570833333333333,NY
2025-03-14,54.4,55.2,78,10.5,0.0,42.9,2025-03-14,14.5375,NY
2025-03-15,44.1,48.7,92,11.9,0.5,43.9,2025-03-15,17.233333333333334,NY
2025-03-16,57.3,60.6,93,24.3,8.2,54.9,2025-03-16,10.487499999999999,NY
2025-03-17,58.6,58.6,79,22.0,30.9,52.9,2025-03-17,6.879166666666666,NY
2025-03-18,52.8,57.5,54,17.8,0.0,44.3,2025-03-18,12.4375,NY
2025-03-19,54.5,57.6,66,10.3,0.0,46.5,2025-03-19,26.2,NY
2025-03-20,45.6,50.2,94,16.4,11.4,46.1,2025-03-20,9.295833333333333,NY
2025-03-21,44.8,48.8,57,25.7,7.3,43.7,2025-03-21,6.095833333333334,NY
2025-03-22,55.1,61.6,57,22.1,0.0,47.0,2025-03-22,9.520833333333334,NY
2025-03-23,41.2,46.9,51,18.0,0.0,37.7,2025-03-23,6.704166666666667,NY
2025-03-24,49.3,51.1,87,16.5,13.7,44.8,2025-03-24,12.183333333333332,NY
2025-03-25,47.9,57.7,56,26.2,0.0,48.7,2025-03-25,10.941666666666668,NY
2025-03-26,43.8,50.4,57,18.0,0.3,42.9,2025-03-26,12.033333333333333,NY
2025-03-27,41.5,49.8,52,16.1,0.0,40.3,2025-03-27,5.729166666666667,NY
2025-03-28,55.1,60.4,56,13.2,1.3,50.2,2025-03-28,13.545833333333334,NY
2025-03-29,76.2,79.4,68,21.7,7.3,60.8,2025-03-29,17.966666666666665,NY
2025-03-30,54.8,57.0,85,9.0,0.3,47.7,2025-03-30,11.283333333333333,NY
2025-03-31,75.9,75.2,84,21.2,39.2,61.9,2025-03-31,10.470833333333333,NY
2025-04-01,61.8,60.8,59,22.6,6.6,47.9,2025-04-01,9.700000000000001,NY
2025-04-02,42.0,47.3,61,16.0,0.0,40.5,2025-04-02,11.570833333333333,NY
2025-04-03,72.2,72.2,83,22.0,1.5,59.4,2025-04-03,12.475,NY
2025-04-04,70.8,70.3,63,15.6,7.2,63.5,2025-04-04,14.200000000000001,NY
2025-04-05,51.1,55.0,72,16.5,1.5,49.1,2025-04-05,11.241666666666667,NY
2025-04-06,55.5,59.9,77,14.0,3.1,49.8,2025-04-06,12.6,NY
2025-04-07,42.6,48.6,82,11.9,8.5,43.0,2025-04-07,14.720833333333333,NY
2025-04-08,38.5,44.2,57,27.0,0.0,40.3,2025-04-08,11.641666666666666,NY
2025-04-09,42.2,47.1,49,15.0,0.0,37.9,2025-04-09,5.358333333333333,NY
2025-04-10,43.5,49.2,68,17.2,0.7,41.3,2025-04-10,12.645833333333334,NY
2025-04-11,41.0,45.4,85,17.9,11.7,42.5,2025-04-11,8.775,NY
2025-04-12,34.5,42.3,88,23.0,17.2,39.1,2025-04-12,5.008333333333334,NY
2025-04-13,50.1,57.3,67,19.7,0.0,48.0,2025-04-13,9.033333333333333,NY
2025-04-14,57.1,61.3,65,11.3,0.0,51.1,2025-04-14,13.766666666666666,NY
2025-04-15,61.6,65.8,66,26.7,1.4,56.1,2025-04-15,13.620833333333332,NY
2025-04-16,39.7,50.5,54,25.8,0.0,45.8,2025-04-16,4.55,NY
2025-04-17,54.5,60.1,53,14.7,0.0,48.8,2025-04-17,5.045833333333333,NY
2025-04-18,62.1,65.1,62,17.6,0.0,53.5,2025-04-18,14.5875,NY
2025-04-19,80.6,80.8,59,19.5,0.1,69.8,2025-04-19,11.570833333333333,NY
2025-04-20,71.5,71.7,50,19.6,0.0,60.9,2025-04-20,6.866666666666667,NY
2025-04-21,49.1,56.4,58,14.6,0.3,51.0,2025-04-21,12.4625,NY
2025-04-22,78.6,80.8,60,15.5,0.1,65.7,2025-04-22,13.645833333333334,NY
2025-04-23,73.2,77.3,43,14.7,0.0,63.6,2025-04-23,8.595833333333333,NY
2025-04-24,76.9,79.3,40,15.7,0.0,67.1,2025-04-24,20.266666666666666,NY
2025-04-25,75.9,76.9,49,16.4,0.0,66.8,2025-04-25,10.254166666666666,NY
2025-04-26,73.2,72.1,82,21.4,13.2,65.3,2025-04-26,10.5,NY
2025-04-27,49.4,57.6,53,30.4,0.0,53.2,2025-04-27,3.9125,NY
2025-04-28,71.5,72.8,43,12.7,0.0,60.8,2025-04-28,8.383333333333333,NY
2025-04-29,79.0,80.8,47,19.3,0.0,67.1,2025-04-29,7.579166666666667,NY
2025-04-30,69.3,73.0,44,17.9,0.0,68.8,2025-04-30,4.3625,NY
2025-05-01,67.1,70.2,43,14.6,0.0,60.3,2025-05-01,11.5375,NY
2025-05-02,87.2,86.2,63,16.0,0.0,71.3,2025-05-02,17.587500000000002,NY
2025-05-03,86.4,84.2,66,14.7,8.7,72.8,2025-05-03,15.0625,NY
2025-05-04,72.8,70.3,86,13.1,13.6,64.0,2025-05-04,11.525,NY
2025-05-05,69.2,68.5,92,13.5,12.7,61.1,2025-05-05,9.229166666666666,NY
2025-05-06,66.6,66.4,89,15.2,21.3,61.3,2025-05-06,11.591666666666667,NY
2025-05-07,69.8,72.6,67,11.8,0.3,64.1,2025-05-07,17.283333333333335,NY
2025-05-08,82.3,75.7,73,11.0,0.4,65.3,2025-05-08,18.491666666666667,NY
2025-05-09,63.0,62.4,89,12.5,14.6,57.7,2025-05-09,13.779166666666667,NY
2025-05-10,64.8,69.1,63,23.3,0.0,59.2,2025-05-10,3.8666666666666667,NY
2025-05-11,75.2,74.1,60,12.3,0.0,63.9,2025-05-11,9.920833333333333,NY
2025-05-12,67.8,68.6,61,11.6,0.0,61.1,2025-05-12,11.700000000000001,NY
2025-05-13,70.0,68.7,83,11.0,3.9,63.2,2025-05-13,15.379166666666665,NY
2025-05-14,65.5,66.7,89,17.1,26.5,61.4,2025-05-14,13.304166666666667,NY
2025-05-15,78.1,73.3,89,10.9,4.1,65.2,2025-05-15,15.941666666666668,NY
2025-05-16,75.0,72.2,93,13.4,0.9,64.6,2025-05-16,24.3125,NY
2025-05-17,85.2,80.2,78,19.2,2.5,71.2,2025-05-17,16.595833333333335,NY
2025-05-18,70.6,73.7,60,24.9,0.5,66.3,2025-05-18,8.012500000000001,NY
2025-05-19,65.0,68.2,56,21.8,0.0,60.6,2025-05-19,3.4416666666666664,NY
2025-05-20,61.9,65.5,56,15.2,0.0,56.9,2025-05-20,4.216666666666667,NY
2025-05-21,56.0,57.2,74,18.1,4.0,54.0,2025-05-21,7.954166666666667,NY
2025-05-22,50.7,54.6,86,20.4,22.8,50.9,2025-05-22,4.779166666666667,NY
2025-05-23,58.8,62.2,78,13.9,3.2,53.5,2025-05-23,9.808333333333334,NY
2025-05-24,58.6,62.7,68,18.2,0.5,55.8,2025-05-24,8.658333333333333,NY
2025-05-25,60.6,66.7,63,17.6,0.0,58.9,2025-05-25,7.5375000000000005,NY
2025-05-26,68.7,72.1,59,13.1,0.0,62.0,2025-05-26,13.858333333333334,NY
2025-05-27,77.9,78.1,56,14.7,0.0,65.5,2025-05-27,21.104166666666668,NY
2025-05-28,63.3,66.1,64,11.6,10.6,60.2,2025-05-28,11.775,NY
2025-05-29,72.7,71.0,83,12.2,2.9,62.9,2025-05-29,11.933333333333332,NY
2025-05-30,77.8,74.2,85,11.8,7.7,66.4,2025-05-30,21.425,NY
2025-05-31,64.0,67.0,78,25.6,39.4,61.2,2025-05-31,8.583333333333334,NY
2025-06-01,61.6,65.8,60,20.8,0.0,57.9,2025-06-01,15.816666666666668,NY
2025-06-02,68.6,70.9,61,12.3,0.0,61.1,2025-06-02,17.520833333333332,NY
2025-06-03,81.7,80.2,53,10.8,0.0,66.8,2025-06-03,28.125,NY
2025-06-04,88.9,85.6,53,14.2,0.0,72.4,2025-06-04,34.0,NY
2025-06-05,98.9,94.8,54,16.2,0.0,81.3,2025-06-05,34.07083333333333,NY
2025-06-06,92.4,89.3,59,13.8,3.5,80.5,2025-06-06,30.641666666666666,NY
2025-06-07,84.9,80.2,74,17.2,3.6,74.3,2025-06-07,15.5375,NY
2025-06-08,78.6,75.6,80,15.2,1.7,67.8,2025-06-08,34.00833333333333,NY
2025-06-09,73.4,70.6,86,10.5,3.1,64.5,2025-06-09,18.295833333333334,NY
2025-06-10,80.8,78.2,84,12.5,17.5,68.7,2025-06-10,15.487499999999999,NY
2025-06-11,83.5,84.2,57,18.7,0.0,74.6,2025-06-11,24.566666666666666,NY
2025-06-12,94.3,92.8,48,16.4,0.3,80.6,2025-06-12,22.170833333333334,NY
2025-06-13,85.7,85.6,41,12.5,0.0,75.7,2025-06-13,16.837500000000002,NY
2025-06-14,67.9,69.7,71,14.4,5.3,65.2,2025-06-14,15.079166666666666,NY
2025-06-15,68.6,67.4,81,11.0,5.4,62.5,2025-06-15,26.608333333333334,NY
2025-06-16,69.4,68.0,85,12.1,3.0,64.3,2025-06-16,20.204166666666666,NY
2025-06-17,73.2,70.3,90,10.8,5.2,66.2,2025-06-17,15.033333333333333,NY
2025-06-18,91.4,83.5,91,12.1,11.6,71.5,2025-06-18,16.654166666666665,NY
2025-06-19,96.5,88.5,81,17.1,4.7,78.6,2025-06-19,20.379166666666666,NY
2025-06-20,83.1,82.9,61,17.8,0.3,75.0,2025-06-20,13.25,NY
2025-06-21,94.9,91.7,55,15.2,0.0,80.3,2025-06-21,19.175,NY
2025-06-22,97.5,93.3,60,19.3,0.3,84.1,2025-06-22,12.891666666666666,NY
2025-06-23,112.4,104.5,58,7.1,0.0,91.0,2025-06-23,22.09166666666667,NY
2025-06-24,106.8,104.7,40,17.6,0.0,94.7,2025-06-24,11.229166666666666,NY
2025-06-25,105.4,101.1,45,15.9,0.3,92.4,2025-06-25,9.241666666666667,NY
2025-06-26,93.8,87.2,60,17.3,0.3,78.8,2025-06-26,16.441666666666666,NY
2025-06-27,69.7,73.4,63,13.5,7.4,68.4,2025-06-27,10.020833333333334,NY
2025-06-28,90.7,87.0,75,14.2,0.7,75.7,2025-06-28,13.908333333333333,NY
2025-06-29,95.2,91.6,62,12.5,0.0,83.0,2025-06-29,14.066666666666668,NY
2025-06-30,99.5,95.0,56,16.5,0.7,83.6,2025-06-30,15.549999999999999,NY
2025-07-01,97.2,91.0,77,17.7,8.2,81.0,2025-07-01,14.924999999999999,NY
2025-07-02,90.1,85.5,81,7.5,2.7,77.8,2025-07-02,19.537499999999998,NY
2025-07-03,90.2,88.6,66,18.0,0.2,78.6,2025-07-03,16.175,NY
2025-07-04,83.9,82.9,53,11.6,0.0,75.0,2025-07-04,16.820833333333333,NY
2025-07-05,91.4,90.3,50,15.0,0.0,78.6,2025-07-05,24.391666666666666,NY
2025-07-06,95.4,94.1,51,13.3,0.0,82.8,2025-07-06,18.379166666666666,NY
2025-07-07,95.5,89.0,75,16.3,4.1,81.4,2025-07-07,9.9375,NY
2025-07-08,104.8,98.6,74,14.6,15.6,82.9,2025-07-08,14.075000000000001,NY
2025-07-09,97.2,90.2,72,9.5,1.6,81.4,2025-07-09,18.145833333333332,NY
2025-07-10,87.1,81.0,81,6.6,18.6,76.3,2025-07-10,24.229166666666668,NY
2025-07-11,93.2,84.4,81,12.1,0.2,77.2,2025-07-11,23.75,NY
2025-07-12,94.1,87.2,78,13.2,0.2,77.9,2025-07-12,13.416666666666666,NY
2025-07-13,90.0,85.6,74,14.5,0.2,78.2,2025-07-13,8.808333333333334,NY
2025-07-14,96.5,88.7,82,13.7,17.5,78.8,2025-07-14,13.145833333333334,NY
2025-07-15,96.3,83.9,86,8.7,2.7,78.2,2025-07-15,16.287499999999998,NY
2025-07-16,97.9,87.2,83,11.6,2.2,80.2,2025-07-16,24.09583333333333,NY
2025-07-17,98.6,92.3,76,18.6,1.9,82.7,2025-07-17,17.079166666666666,NY
2025-07-18,87.7,85.6,54,15.0,0.0,79.1,2025-07-18,5.7375,NY
2025-07-19,85.4,82.9,63,14.0,0.0,76.9,2025-07-19,9.245833333333334,NY
2025-07-20,98.5,93.4,69,15.3,4.1,82.1,2025-07-20,14.7875,NY
2025-07-21,88.6,89.2,50,19.2,0.0,80.4,2025-07-21,11.145833333333334,NY
2025-07-22,84.9,82.6,48,14.0,0.0,74.9,2025-07-22,13.841666666666667,NY
2025-07-23,85.9,83.9,58,13.2,0.0,75.8,2025-07-23,12.895833333333334,NY
2025-07-24,90.9,88.1,57,14.0,0.0,79.3,2025-07-24,11.1,NY
2025-07-25,106.5,100.0,63,22.7,5.4,85.1,2025-07-25,12.766666666666666,NY
2025-07-26,92.7,87.1,60,14.4,0.0,79.6,2025-07-26,23.599999999999998,NY
2025-07-27,92.3,87.4,76,13.8,9.8,77.8,2025-07-27,28.979166666666668,NY
2025-07-28,100.0,95.4,59,11.9,0.0,85.6,2025-07-28,22.09583333333333,NY
2025-07-29,108.4,103.1,53,9.6,0.0,89.8,2025-07-29,28.791666666666668,NY
2025-07-30,104.6,99.5,57,14.7,8.4,87.8,2025-07-30,20.254166666666666,NY
2025-07-31,97.6,89.2,78,15.7,7.8,79.3,2025-07-31,25.3,NY
2025-08-01,74.6,73.3,80,16.1,1.3,68.1,2025-08-01,19.104166666666668,NY
2025-08-02,81.0,78.2,69,10.1,0.0,70.0,2025-08-02,21.295833333333334,NY
2025-08-03,85.9,82.5,64,11.1,0.0,71.9,2025-08-03,21.133333333333333,NY
2025-08-04,94.3,91.7,58,14.6,0.0,76.1,2025-08-04,43.96666666666667,NY
2025-08-05,92.0,87.8,64,9.7,0.0,76.9,2025-08-05,41.1875,NY
2025-08-06,86.5,83.2,66,13.0,0.8,74.7,2025-08-06,28.03333333333333,NY
2025-08-07,87.4,83.4,62,13.8,0.1,73.4,2025-08-07,16.170833333333334,NY
2025-08-08,84.6,82.8,56,12.8,0.0,72.2,2025-08-08,9.166666666666666,NY
2025-08-09,88.7,86.0,55,11.3,0.0,73.9,2025-08-09,12.737499999999999,NY
2025-08-10,94.6,91.9,48,13.0,0.0,78.3,2025-08-10,17.754166666666666,NY
2025-08-11,91.7,90.3,50,12.7,0.0,79.4,2025-08-11,17.212500000000002,NY
2025-08-12,98.2,92.0,62,14.1,0.0,80.3,2025-08-12,14.704166666666666,NY
2025-08-13,95.8,89.6,74,13.3,9.2,80.7,2025-08-13,14.762500000000001,NY
2025-08-14,96.8,88.3,79,6.5,1.0,79.5,2025-08-14,16.537499999999998,NY
2025-08-15,96.6,90.3,65,13.1,0.0,79.8,2025-08-15,12.404166666666667,NY
2025-08-16,93.6,87.0,74,10.5,4.9,78.2,2025-08-16,16.816666666666666,NY
2025-08-17,98.9,95.5,68,14.6,3.4,81.0,2025-08-17,17.25,NY
2025-08-18,82.3,76.9,65,16.8,0.2,70.3,2025-08-18,12.179166666666667,NY
2025-08-19,73.0,75.6,58,13.1,0.0,69.5,2025-08-19,6.6125,NY
2025-08-20,73.9,72.9,74,15.1,2.6,67.8,2025-08-20,10.045833333333333,NY
2025-08-21,69.2,71.3,77,22.6,0.0,65.0,2025-08-21,5.754166666666666,NY
2025-08-22,81.5,80.3,58,13.3,0.0,69.7,2025-08-22,8.279166666666667,NY
2025-08-23,82.0,82.4,59,21.6,0.0,71.7,2025-08-23,9.608333333333333,NY
2025-08-24,80.9,79.3,74,18.6,0.2,71.7,2025-08-24,8.283333333333333,NY
2025-08-25,87.8,88.9,59,19.4,0.0,76.8,2025-08-25,11.929166666666667,NY
2025-08-26,79.0,81.6,42,16.6,0.0,73.2,2025-08-26,9.729166666666666,NY
2025-08-27,73.6,77.0,49,15.6,0.1,69.3,2025-08-27,12.487499999999999,NY
2025-08-28,76.9,80.8,48,14.1,0.0,70.6,2025-08-28,25.895833333333332,NY
2025-08-29,81.8,81.3,50,16.0,0.0,72.2,2025-08-29,13.433333333333332,NY
2025-08-30,73.8,78.4,42,14.0,0.0,68.3,2025-08-30,7.3625,NY
2025-08-31,77.3,81.4,47,15.1,0.0,69.6,2025-08-31,9.254166666666666,NY
2025-09-01,77.2,80.0,54,16.8,0.0,70.8,2025-09-01,13.066666666666668,NY
2025-09-02,80.6,80.3,60,13.9,0.0,69.9,2025-09-02,10.170833333333333,NY
2025-09-03,80.7,79.5,66,13.8,0.0,69.0,2025-09-03,14.266666666666666,NY
2025-09-04,77.1,77.4,74,20.4,4.2,69.6,2025-09-04,7.308333333333334,NY
2025-09-05,86.4,83.2,75,15.7,5.1,74.1,2025-09-05,9.545833333333333,NY
2025-09-06,91.7,86.3,82,19.0,20.4,74.6,2025-09-06,22.829166666666666,NY
2025-09-07,70.8,69.4,84,9.4,17.8,65.2,2025-09-07,23.708333333333332,NY
2025-09-08,71.0,71.0,64,9.2,0.0,63.6,2025-09-08,11.658333333333333,NY
2025-09-09,72.8,72.1,71,12.8,0.0,63.6,2025-09-09,12.145833333333334,NY
2025-09-10,71.0,69.2,77,13.8,5.0,64.0,2025-09-10,14.270833333333334,NY
2025-09-11,78.8,80.4,57,13.6,0.0,70.0,2025-09-11,13.75,NY
2025-09-12,81.5,81.3,59,11.4,0.0,69.9,2025-09-12,16.9375,NY
2025-09-13,81.7,79.7,74,12.7,0.7,69.3,2025-09-13,13.866666666666667,NY
2025-09-14,85.4,85.6,67,9.3,0.5,72.3,2025-09-14,17.1375,NY
2025-09-15,82.2,83.4,67,12.1,0.0,72.1,2025-09-15,17.662499999999998,NY
2025-09-16,73.7,76.1,61,17.0,0.0,68.7,2025-09-16,6.341666666666666,NY
2025-09-17,70.9,70.0,75,14.4,6.8,66.5,2025-09-17,6.391666666666667,NY
2025-09-18,84.0,81.3,72,7.7,0.1,72.0,2025-09-18,10.854166666666666,NY
2025-09-19,84.4,82.5,63,11.1,0.0,72.6,2025-09-19,8.495833333333334,NY
2025-09-20,73.7,74.8,57,12.3,0.0,66.0,2025-09-20,4.3500000000000005,NY
2025-09-21,71.1,71.8,66,11.2,0.0,63.1,2025-09-21,7.3875,NY
2025-09-22,72.6,72.8,74,11.2,0.0,63.4,2025-09-22,14.541666666666666,NY
2025-09-23,87.1,85.1,74,14.9,6.6,72.8,2025-09-23,13.466666666666667,NY
2025-09-24,85.7,79.9,88,16.9,3.0,71.4,2025-09-24,22.333333333333332,NY
2025-09-25,83.2,76.8,93,15.7,48.6,71.6,2025-09-25,8.404166666666667,NY
2025-09-26,83.6,79.8,77,8.7,0.0,72.2,2025-09-26,11.875,NY
2025-09-27,78.8,75.8,77,6.1,0.1,69.3,2025-09-27,17.370833333333334,NY
2025-09-28,86.0,82.3,76,6.5,0.6,72.2,2025-09-28,24.8125,NY
2025-09-29,76.5,75.4,72,10.7,0.0,69.0,2025-09-29,17.787499999999998,NY
2025-09-30,76.8,77.6,67,14.1,0.0,68.8,2025-09-30,22.712500000000002,NY
