latitude,longitude,elevation,utc_offset_seconds,timezone,timezone_abbreviation
47.627415,-122.32291,59.0,-25200,America/Los_Angeles,GMT-7

time,apparent_temperature_max (°F),temperature_2m_max (°F),relative_humidity_2m_mean (%),wind_speed_10m_max (km/h),precipitation_sum (mm),temperature_2m_mean (°F)
2022-05-01,57.6,60.5,79,12.7,0.00,52.4
2022-05-02,50.2,53.2,84,17.9,8.30,50.3
2022-05-03,53.5,55.4,81,11.7,0.10,50.4
2022-05-04,61.4,62.7,84,17.3,0.10,51.2
2022-05-05,48.0,50.5,89,29.1,11.50,48.6
2022-05-06,50.4,52.8,86,20.9,6.70,48.5
2022-05-07,48.0,55.7,79,24.2,9.30,48.5
2022-05-08,48.9,52.1,73,18.4,0.50,46.3
2022-05-09,48.1,51.8,78,14.9,1.50,46.4
2022-05-10,54.7,58.5,71,16.5,1.00,49.4
2022-05-11,49.4,57.6,71,19.6,0.50,49.6
2022-05-12,46.2,51.2,83,33.3,9.50,47.7
2022-05-13,51.5,55.7,70,17.6,0.80,48.3
2022-05-14,57.4,61.9,82,19.7,6.50,53.2
2022-05-15,60.5,61.3,94,15.5,17.70,54.4
2022-05-16,55.3,59.1,79,25.7,3.60,53.9
2022-05-17,55.0,58.9,71,12.2,0.00,50.9
2022-05-18,46.8,57.4,72,39.3,4.30,51.0
2022-05-19,50.5,55.9,72,15.7,0.60,48.6
2022-05-20,56.9,58.3,76,9.7,0.00,50.2
2022-05-21,60.7,64.6,76,13.9,0.10,53.6
2022-05-22,68.2,68.7,72,17.7,0.00,56.4
2022-05-23,60.1,63.4,77,15.6,1.30,56.3
2022-05-24,54.5,58.0,83,14.5,1.60,53.9
2022-05-25,64.0,68.0,78,25.9,0.80,57.7
2022-05-26,66.3,64.8,90,15.3,7.00,55.6
2022-05-27,55.1,60.1,77,28.7,1.60,55.3
2022-05-28,51.7,54.1,89,16.9,6.40,51.1
2022-05-29,56.8,59.4,85,16.3,9.80,52.2
2022-05-30,55.3,58.4,76,13.3,0.70,52.5
2022-05-31,62.6,65.5,80,21.7,7.80,55.6
2022-06-01,67.4,66.5,83,14.5,0.00,57.6
2022-06-02,71.2,70.1,86,9.2,0.30,60.7
2022-06-03,60.5,63.3,88,19.3,11.40,58.3
2022-06-04,65.8,64.4,89,11.3,14.30,58.4
2022-06-05,60.5,64.3,83,28.3,6.30,58.5
2022-06-06,61.2,62.9,77,13.2,0.30,55.8
2022-06-07,69.6,69.1,79,14.7,0.60,59.1
2022-06-08,67.2,68.4,73,18.4,0.20,60.2
2022-06-09,58.7,58.3,91,19.9,23.60,55.6
2022-06-10,64.6,67.0,87,23.5,5.00,60.7
2022-06-11,67.2,68.5,78,17.2,0.90,59.6
2022-06-12,55.7,57.4,79,16.2,3.60,54.8
2022-06-13,60.5,60.5,73,26.1,2.90,54.9
2022-06-14,59.9,62.3,73,16.6,2.60,55.2
2022-06-15,57.3,58.5,79,9.4,0.50,54.8
2022-06-16,65.4,66.4,77,18.8,0.70,58.6
2022-06-17,58.4,58.9,84,21.4,2.20,55.8
2022-06-18,59.5,62.2,79,16.2,0.00,56.8
2022-06-19,63.9,64.2,78,15.8,0.10,57.6
2022-06-20,63.8,63.8,78,10.1,0.40,58.2
2022-06-21,73.8,71.8,81,15.4,0.00,61.5
2022-06-22,62.2,62.9,84,16.0,1.10,58.9
2022-06-23,64.1,66.1,67,17.5,0.60,58.6
2022-06-24,68.7,71.8,68,20.7,0.00,60.8
2022-06-25,76.3,76.7,66,26.1,0.00,66.1
2022-06-26,80.5,79.2,64,22.1,0.00,68.9
2022-06-27,91.2,88.6,66,23.5,0.00,70.7
2022-06-28,59.6,64.5,75,26.9,0.60,60.1
2022-06-29,66.1,66.3,72,22.9,0.00,61.0
2022-06-30,69.8,70.9,73,15.8,0.00,62.4
2022-07-01,75.7,73.2,75,17.8,0.00,63.1
2022-07-02,68.7,67.2,77,12.4,0.00,61.7
2022-07-03,63.7,62.4,84,16.7,5.90,58.5
2022-07-04,67.7,67.7,78,19.5,0.00,59.8
2022-07-05,71.6,70.4,82,15.6,0.00,61.3
2022-07-06,76.0,72.5,83,12.8,1.30,65.3
2022-07-07,72.5,70.9,79,11.9,0.00,64.6
2022-07-08,75.2,73.1,76,16.0,0.20,64.5
2022-07-09,76.8,73.6,75,15.5,0.00,63.4
2022-07-10,73.1,71.0,73,14.1,0.00,64.4
2022-07-11,77.2,77.4,72,18.5,0.00,67.0
2022-07-12,80.4,76.3,73,23.4,0.00,65.8
2022-07-13,72.0,72.1,68,17.2,0.00,62.7
2022-07-14,76.5,74.8,72,16.2,0.00,63.3
2022-07-15,78.0,77.0,67,19.4,0.00,65.7
2022-07-16,69.8,70.2,73,20.1,0.70,64.3
2022-07-17,65.7,66.4,67,12.3,0.10,61.5
2022-07-18,71.1,71.4,70,16.8,0.10,62.5
2022-07-19,74.2,76.1,70,18.5,0.00,65.0
2022-07-20,81.2,78.2,72,16.7,0.00,67.1
2022-07-21,84.6,79.5,73,17.6,0.00,67.6
2022-07-22,77.3,74.2,69,17.8,0.00,64.2
2022-07-23,71.5,70.4,74,11.9,0.10,63.2
2022-07-24,76.0,76.6,74,19.5,0.00,66.5
2022-07-25,80.4,80.6,69,18.2,0.00,69.8
2022-07-26,90.9,86.5,67,13.3,0.00,74.2
2022-07-27,92.3,85.6,68,15.1,0.00,74.1
2022-07-28,86.0,83.9,69,15.5,0.00,73.1
2022-07-29,89.0,85.6,69,13.6,0.00,73.7
2022-07-30,88.0,86.9,63,17.8,0.00,74.8
2022-07-31,88.9,87.9,64,19.1,0.00,74.0
2022-08-01,86.2,83.7,69,17.6,0.10,71.5
2022-08-02,76.5,74.2,70,16.8,0.20,65.8
2022-08-03,77.5,77.1,67,20.3,0.00,65.4
2022-08-04,64.7,68.3,68,23.2,0.30,63.1
2022-08-05,68.1,71.4,68,22.5,0.00,63.6
2022-08-06,76.0,77.7,65,20.2,0.00,67.2
2022-08-07,80.0,80.7,62,20.2,0.00,69.6
2022-08-08,84.3,82.1,66,19.1,0.00,70.9
2022-08-09,82.6,79.8,74,15.1,0.00,68.1
2022-08-10,68.9,71.4,78,22.6,9.50,65.6
2022-08-11,76.4,76.6,70,15.5,0.00,66.9
2022-08-12,79.5,79.6,68,21.9,0.00,67.6
2022-08-13,73.0,74.5,64,20.5,0.00,66.8
2022-08-14,77.2,77.0,71,16.6,0.00,66.4
2022-08-15,80.3,78.5,70,15.8,0.00,67.8
2022-08-16,78.4,78.2,70,20.5,0.00,68.6
2022-08-17,79.9,81.5,64,23.0,0.00,71.3
2022-08-18,91.5,88.1,64,10.4,0.00,74.8
2022-08-19,85.5,82.0,71,16.6,0.40,73.1
2022-08-20,79.7,77.5,73,14.3,0.00,69.6
2022-08-21,80.5,78.6,70,16.6,0.00,69.3
2022-08-22,82.8,81.3,71,17.0,0.00,69.7
2022-08-23,77.1,76.7,70,19.5,0.00,67.8
2022-08-24,80.9,81.2,73,18.1,0.00,69.4
2022-08-25,89.7,84.8,71,14.9,0.00,72.1
2022-08-26,73.2,73.4,75,19.1,1.70,66.3
2022-08-27,68.8,70.9,74,15.0,2.80,63.2
2022-08-28,71.3,74.2,68,16.2,0.00,64.1
2022-08-29,74.7,77.6,65,20.8,0.00,66.8
2022-08-30,81.7,81.3,69,20.1,0.00,70.0
2022-08-31,88.7,87.4,66,18.5,0.00,72.1
2022-09-01,78.0,76.1,76,16.3,0.00,66.4
2022-09-02,77.0,76.6,78,17.0,0.00,66.1
2022-09-03,74.5,74.1,71,16.9,0.50,65.7
2022-09-04,72.8,76.6,75,23.3,0.80,65.5
2022-09-05,68.7,71.1,65,19.6,0.00,63.9
2022-09-06,69.6,73.8,65,18.6,0.00,63.9
2022-09-07,70.0,74.1,60,21.3,0.00,64.4
2022-09-08,64.4,68.2,69,22.1,0.00,61.3
2022-09-09,66.3,74.5,61,28.9,0.00,64.3
2022-09-10,82.7,85.2,45,19.2,0.00,71.0
2022-09-11,76.3,78.4,53,19.6,0.20,69.4
2022-09-12,74.9,73.9,71,12.1,0.00,65.4
2022-09-13,69.5,69.5,71,13.8,0.20,63.7
2022-09-14,70.6,71.2,73,11.4,0.00,63.6
2022-09-15,65.0,65.2,78,15.8,1.60,61.1
2022-09-16,64.7,66.2,67,19.9,0.10,60.6
2022-09-17,55.8,63.8,65,26.5,0.00,58.7
2022-09-18,63.1,68.8,60,24.5,2.00,61.3
2022-09-19,66.1,70.9,65,17.1,0.00,60.8
2022-09-20,65.5,73.0,55,25.8,0.00,63.2
2022-09-21,69.8,74.6,59,18.4,0.00,62.2
2022-09-22,64.9,72.0,70,24.3,0.20,61.5
2022-09-23,66.6,69.3,74,14.3,0.60,61.9
2022-09-24,65.0,68.7,74,21.4,0.00,62.0
2022-09-25,70.1,73.0,74,18.4,0.00,61.7
2022-09-26,76.7,77.7,72,9.7,0.00,63.5
2022-09-27,77.4,79.2,73,19.9,0.00,64.9
2022-09-28,64.8,66.1,81,17.9,3.00,60.5
2022-09-29,66.5,67.9,81,14.1,1.30,61.0
2022-09-30,63.2,65.8,84,18.4,0.00,58.9
2022-10-01,66.4,69.6,82,21.5,0.00,60.4
2022-10-02,72.2,73.4,79,13.4,0.00,61.9
2022-10-03,71.0,72.3,81,10.5,0.00,61.1
2022-10-04,68.9,67.9,87,10.5,0.00,59.5
2022-10-05,65.2,67.1,87,16.3,0.00,58.8
2022-10-06,64.2,66.4,87,15.5,0.00,58.5
2022-10-07,68.9,69.7,84,11.7,0.00,59.8
2022-10-08,66.9,69.3,82,14.8,0.00,59.5
2022-10-09,66.0,66.7,87,12.7,0.00,58.0
2022-10-10,68.0,67.3,82,20.2,0.00,58.8
2022-10-11,59.3,64.6,68,16.8,0.00,58.0
2022-10-12,58.7,63.2,81,18.2,0.00,55.6
2022-10-13,66.8,69.9,79,15.0,0.00,56.9
2022-10-14,65.8,69.1,79,14.9,0.00,57.1
2022-10-15,68.7,73.0,71,19.3,0.00,61.2
2022-10-16,77.7,81.8,56,19.8,0.00,65.0
2022-10-17,67.3,68.1,80,16.6,0.00,58.2
2022-10-18,61.7,64.0,86,12.0,0.00,55.7
2022-10-19,59.2,62.1,87,14.0,0.00,54.4
2022-10-20,61.1,61.3,89,13.0,0.50,55.3
2022-10-21,49.9,55.2,82,17.2,10.30,51.2
2022-10-22,48.8,52.5,80,17.1,8.00,49.1
2022-10-23,48.7,53.7,76,18.4,1.30,49.3
2022-10-24,54.3,57.7,83,25.3,9.10,51.0
2022-10-25,44.9,53.2,87,32.9,13.70,49.0
2022-10-26,49.5,53.7,80,20.5,0.20,48.9
2022-10-27,49.3,60.0,63,36.2,0.30,55.2
2022-10-28,52.9,57.6,81,21.7,11.60,52.6
2022-10-29,53.7,58.3,79,16.9,0.00,51.2
2022-10-30,47.0,53.8,83,30.4,12.40,52.1
2022-10-31,50.0,55.9,85,32.6,17.00,52.1
2022-11-01,44.8,48.7,76,11.1,2.20,46.3
2022-11-02,42.9,47.0,82,16.6,3.30,43.3
2022-11-03,38.0,46.0,88,27.1,7.80,42.5
2022-11-04,51.5,56.7,93,42.0,15.30,52.7
2022-11-05,48.1,51.2,72,23.1,0.50,45.7
2022-11-06,39.6,46.4,85,27.4,22.50,42.6
2022-11-07,41.3,46.7,85,12.9,9.60,41.5
2022-11-08,34.4,43.2,75,31.6,0.00,40.4
2022-11-09,40.1,44.8,72,24.1,0.00,40.6
2022-11-10,42.8,46.5,77,8.8,0.00,41.8
2022-11-11,40.2,46.1,68,13.7,0.00,40.4
2022-11-12,41.8,47.4,79,11.0,0.00,39.1
2022-11-13,40.4,46.3,84,13.0,0.00,39.8
2022-11-14,44.3,49.4,85,11.7,0.00,41.9
2022-11-15,45.9,50.1,80,10.0,0.00,40.6
2022-11-16,44.9,49.2,81,9.1,0.00,38.6
2022-11-17,43.0,50.8,63,14.9,0.00,40.6
2022-11-18,38.7,45.7,68,11.4,0.00,36.6
2022-11-19,38.4,45.1,64,11.3,0.00,36.2
2022-11-20,41.1,45.6,66,10.6,0.00,38.5
2022-11-21,44.6,49.4,73,8.5,0.00,41.6
2022-11-22,43.1,48.7,83,27.9,14.70,44.6
2022-11-23,48.2,50.9,92,14.5,0.00,46.6
2022-11-24,45.9,49.7,79,13.8,0.00,42.9
2022-11-25,42.9,47.1,81,23.3,17.50,44.0
2022-11-26,37.9,46.1,88,41.5,0.90,42.0
2022-11-27,40.3,47.9,81,41.0,6.60,43.0
2022-11-28,34.2,40.5,76,19.6,3.50,38.3
2022-11-29,29.6,37.9,77,27.4,12.20,34.2
2022-11-30,37.7,41.4,88,26.0,14.70,37.7
2022-12-01,30.4,35.5,80,17.3,2.40,33.6
2022-12-02,33.2,40.6,72,19.0,2.30,34.7
2022-12-03,34.8,42.3,76,18.8,7.40,37.7
2022-12-04,31.7,38.3,78,16.5,1.20,35.1
2022-12-05,34.9,39.3,85,8.6,0.00,34.7
2022-12-06,36.4,42.6,87,15.1,0.00,39.6
2022-12-07,41.0,45.5,84,17.8,2.70,42.1
2022-12-08,37.7,44.1,86,20.7,8.90,41.2
2022-12-09,36.4,42.4,85,25.4,9.90,39.3
2022-12-10,40.6,44.2,85,22.7,12.10,42.1
2022-12-11,39.7,45.3,92,15.9,1.60,42.6
2022-12-12,37.4,43.9,84,13.8,0.20,41.0
2022-12-13,39.0,42.7,83,6.3,0.00,39.0
2022-12-14,37.8,42.7,84,16.0,0.00,40.1
2022-12-15,35.2,41.9,84,14.4,0.00,36.9
2022-12-16,37.5,42.6,83,9.7,0.00,33.9
2022-12-17,36.2,39.8,88,14.8,0.90,35.6
2022-12-18,33.5,43.2,83,26.0,2.60,38.3
2022-12-19,30.8,36.2,81,10.6,3.20,33.4
2022-12-20,32.0,39.2,85,21.0,12.90,34.9
2022-12-21,25.1,33.4,71,23.9,0.00,28.8
2022-12-22,16.3,27.2,35,22.6,0.00,23.3
2022-12-23,32.3,39.7,81,24.5,10.90,31.7
2022-12-24,43.0,49.7,92,26.3,31.90,42.4
2022-12-25,48.0,49.7,94,20.4,4.60,46.9
2022-12-26,46.0,53.6,90,42.9,25.40,48.6
2022-12-27,43.3,50.5,88,45.3,27.40,47.3
2022-12-28,39.7,47.0,83,42.0,0.90,43.6
2022-12-29,40.9,44.7,84,12.5,2.90,42.5
2022-12-30,41.2,48.7,90,34.8,17.20,45.9
2022-12-31,43.9,48.4,88,28.9,1.00,44.2
2023-01-01,43.0,45.8,93,7.6,0.60,41.2
2023-01-02,38.7,44.8,72,15.1,0.00,37.9
2023-01-03,42.6,46.8,75,16.8,0.30,40.1
2023-01-04,40.6,48.2,64,19.1,1.20,42.6
2023-01-05,44.1,53.5,66,32.1,2.50,48.8
2023-01-06,48.1,50.6,84,25.1,3.70,46.2
2023-01-07,43.7,46.9,92,17.1,6.50,44.7
2023-01-08,42.5,47.8,85,28.1,7.40,44.3
2023-01-09,43.8,52.9,81,30.8,9.30,44.2
2023-01-10,45.7,52.1,81,18.4,0.60,44.2
2023-01-11,48.6,53.7,69,20.6,1.30,47.0
2023-01-12,45.3,49.6,88,29.3,19.90,47.5
2023-01-13,48.9,51.2,92,20.9,10.60,48.7
2023-01-14,52.3,55.4,87,18.3,1.80,47.4
2023-01-15,44.8,48.0,91,31.7,14.00,45.8
2023-01-16,41.7,48.1,83,28.5,0.10,44.5
2023-01-17,40.7,47.3,85,23.6,2.60,44.2
2023-01-18,39.7,45.9,91,25.9,18.60,43.0
2023-01-19,37.4,43.1,92,11.4,0.20,38.0
2023-01-20,41.4,45.1,87,9.0,0.00,38.3
2023-01-21,36.0,43.0,90,35.4,8.20,36.1
2023-01-22,40.1,43.5,89,11.4,1.00,39.7
2023-01-23,41.0,43.7,87,10.5,0.10,39.4
2023-01-24,43.1,47.0,88,13.2,0.60,41.4
2023-01-25,42.7,46.0,92,9.0,0.00,43.0
2023-01-26,39.7,43.3,91,18.6,0.00,41.2
2023-01-27,43.2,46.4,89,17.8,2.50,44.6
2023-01-28,39.8,45.4,87,25.3,1.30,41.8
2023-01-29,31.4,38.4,64,13.3,0.00,33.2
2023-01-30,32.8,38.7,57,9.2,0.00,31.6
2023-01-31,35.7,41.7,69,10.0,0.50,36.1
2023-02-01,41.0,44.6,69,8.3,0.00,38.1
2023-02-02,44.7,48.7,72,12.4,0.00,38.9
2023-02-03,40.5,47.8,75,33.8,4.30,42.5
2023-02-04,44.1,48.7,91,20.6,4.60,45.7
2023-02-05,44.0,46.9,91,14.9,0.50,43.5
2023-02-06,38.8,47.7,87,30.1,0.70,44.8
2023-02-07,37.7,48.2,85,36.1,10.60,45.5
2023-02-08,41.8,48.4,80,14.3,0.00,42.2
2023-02-09,52.1,55.1,68,21.0,0.90,45.0
2023-02-10,48.0,52.1,84,23.8,6.10,45.8
2023-02-11,41.9,46.5,84,10.8,0.00,41.1
2023-02-12,40.6,47.8,82,31.0,0.30,41.2
2023-02-13,39.9,46.6,85,34.1,4.60,41.9
2023-02-14,35.5,42.9,77,20.3,0.30,37.5
2023-02-15,37.9,43.8,79,11.5,0.00,35.6
2023-02-16,38.1,44.6,74,15.7,0.40,39.3
2023-02-17,42.8,45.4,85,18.0,4.60,41.9
2023-02-18,44.0,47.1,86,23.6,1.00,42.7
2023-02-19,45.7,51.0,86,14.9,0.50,44.6
2023-02-20,42.3,47.0,90,39.2,7.10,46.0
2023-02-21,40.7,44.9,81,24.2,1.40,40.7
2023-02-22,32.0,38.4,77,24.3,1.20,35.3
2023-02-23,26.2,35.8,40,18.6,0.90,29.9
2023-02-24,27.8,37.5,58,16.6,0.00,29.0
2023-02-25,34.6,43.1,62,14.9,0.10,33.6
2023-02-26,36.8,45.1,75,34.6,7.30,38.4
2023-02-27,39.1,43.3,79,13.7,3.90,36.2
2023-02-28,37.2,43.7,79,27.5,2.60,37.2
2023-03-01,38.4,47.6,77,24.5,0.20,37.2
2023-03-02,40.5,44.8,85,34.8,5.00,39.9
2023-03-03,34.5,43.1,81,33.5,0.60,38.9
2023-03-04,39.2,44.7,84,13.8,8.70,38.8
2023-03-05,42.3,47.9,82,12.6,5.20,38.9
2023-03-06,43.3,48.9,80,13.7,0.60,40.0
2023-03-07,42.2,46.2,82,11.9,0.80,39.5
2023-03-08,42.1,46.7,83,13.4,0.90,37.9
2023-03-09,42.5,49.3,69,15.8,0.00,40.5
2023-03-10,40.8,48.2,76,21.3,3.30,42.3
2023-03-11,45.1,50.4,77,23.3,0.00,43.0
2023-03-12,40.6,45.7,86,19.1,12.00,39.7
2023-03-13,40.6,46.6,85,27.1,17.30,43.7
2023-03-14,44.4,48.4,74,21.7,0.00,41.8
2023-03-15,46.1,49.7,78,19.0,0.80,42.5
2023-03-16,43.7,51.4,76,21.6,0.00,42.1
2023-03-17,53.5,57.9,65,10.1,0.00,45.1
2023-03-18,56.6,60.3,67,10.5,0.00,48.9
2023-03-19,54.8,58.5,73,15.5,0.00,48.6
2023-03-20,48.8,54.1,88,16.5,4.80,47.9
2023-03-21,46.2,52.5,85,23.1,0.10,46.8
2023-03-22,54.5,57.7,86,22.4,0.00,46.5
2023-03-23,37.2,46.3,81,34.8,2.80,44.0
2023-03-24,38.0,46.1,83,24.1,7.60,40.5
2023-03-25,40.6,46.1,79,19.7,3.80,39.7
2023-03-26,40.9,46.8,81,16.0,0.00,40.8
2023-03-27,47.5,54.0,67,19.9,0.00,43.5
2023-03-28,54.2,59.5,48,19.5,0.00,50.0
2023-03-29,50.6,56.4,62,18.0,0.00,48.1
2023-03-30,44.2,53.2,71,22.6,0.20,45.6
2023-03-31,37.6,45.7,82,26.1,11.70,43.7
2023-04-01,39.6,48.7,76,31.4,0.00,42.9
2023-04-02,39.7,45.5,81,22.9,6.50,40.2
2023-04-03,41.6,46.4,83,9.4,5.00,40.1
2023-04-04,44.0,48.8,76,12.1,0.60,41.0
2023-04-05,47.2,52.6,70,17.3,0.00,43.5
2023-04-06,49.5,51.6,89,22.7,15.20,46.9
2023-04-07,47.0,54.3,81,21.9,4.90,49.2
2023-04-08,44.4,49.0,86,19.1,9.10,46.3
2023-04-09,46.9,54.6,94,33.2,16.50,49.7
2023-04-10,45.4,47.5,94,15.0,9.40,45.6
2023-04-11,42.4,51.4,80,33.5,4.30,43.8
2023-04-12,44.9,50.7,69,23.7,0.00,44.1
2023-04-13,47.4,51.8,79,23.2,1.20,43.5
2023-04-14,49.6,53.5,78,9.8,0.20,45.2
2023-04-15,46.2,48.7,89,13.0,2.70,45.6
2023-04-16,43.1,50.2,88,28.1,13.10,45.3
2023-04-17,46.5,53.4,77,25.2,5.90,43.4
2023-04-18,39.8,47.7,76,31.4,2.00,42.6
2023-04-19,43.7,50.3,78,21.0,6.80,42.9
2023-04-20,41.4,48.4,81,26.7,11.20,43.2
2023-04-21,47.0,50.9,84,24.5,1.20,46.6
2023-04-22,56.8,58.0,90,10.8,1.50,49.4
2023-04-23,49.8,53.7,84,27.9,8.10,50.3
2023-04-24,53.4,55.6,79,21.3,1.60,49.2
2023-04-25,51.2,55.2,80,12.9,0.00,48.9
2023-04-26,59.8,61.9,80,21.0,0.00,50.8
2023-04-27,55.3,59.4,78,20.1,0.00,52.1
2023-04-28,66.8,67.7,77,17.1,0.00,55.2
2023-04-29,72.1,73.8,72,23.4,0.00,60.7
2023-04-30,55.6,60.4,78,20.7,2.30,53.8
2023-05-01,51.9,57.5,83,21.0,0.90,52.1
2023-05-02,63.7,64.7,79,24.4,0.00,56.0
2023-05-03,68.2,66.6,81,22.7,0.00,57.1
2023-05-04,51.6,55.9,84,22.4,3.70,51.6
2023-05-05,46.8,51.8,93,22.9,11.70,49.4
2023-05-06,56.8,59.5,86,11.7,1.40,52.3
2023-05-07,57.2,60.3,75,17.2,0.80,52.7
2023-05-08,58.3,61.9,76,16.9,0.30,53.4
2023-05-09,60.1,61.9,76,15.5,0.00,53.8
2023-05-10,63.8,66.1,74,13.2,0.00,55.0
2023-05-11,68.7,69.6,72,16.7,0.00,56.5
2023-05-12,70.3,71.9,70,17.7,0.00,59.7
2023-05-13,72.1,74.3,61,27.5,0.00,63.5
2023-05-14,81.4,81.7,61,21.7,0.00,68.8
2023-05-15,85.7,84.0,63,22.4,0.00,69.9
2023-05-16,76.2,74.1,74,18.7,0.00,63.5
2023-05-17,76.8,74.2,77,17.5,0.00,63.4
2023-05-18,83.0,80.0,75,16.7,0.00,64.8
2023-05-19,71.4,70.1,77,19.8,0.00,61.7
2023-05-20,72.8,71.8,69,17.3,0.10,63.2
2023-05-21,59.7,60.4,77,15.3,0.80,56.9
2023-05-22,59.0,63.5,66,22.2,0.60,56.6
2023-05-23,61.3,63.4,64,16.5,0.00,56.3
2023-05-24,63.4,66.6,64,16.0,0.00,59.4
2023-05-25,69.3,72.0,68,17.1,0.00,61.3
2023-05-26,76.3,77.2,65,16.6,0.00,64.5
2023-05-27,72.7,71.2,70,14.5,0.00,61.7
2023-05-28,68.7,68.9,72,14.0,0.00,57.9
2023-05-29,66.4,66.6,79,19.1,0.00,57.9
2023-05-30,56.3,59.6,67,19.1,0.00,55.4
2023-05-31,58.3,61.0,63,15.5,0.10,55.5
2023-06-01,63.6,65.8,65,14.1,0.00,56.7
2023-06-02,72.2,70.3,66,20.6,0.00,58.6
2023-06-03,69.1,70.4,65,20.5,0.00,59.2
2023-06-04,59.1,65.3,53,26.2,0.00,58.2
2023-06-05,59.8,67.5,57,27.2,0.00,58.6
2023-06-06,69.5,74.8,53,23.5,0.00,63.7
2023-06-07,82.3,82.9,49,14.1,0.00,67.7
2023-06-08,78.0,75.9,65,17.0,0.00,64.5
2023-06-09,57.7,61.3,83,16.8,7.50,56.7
2023-06-10,63.3,63.2,85,9.7,6.50,57.3
2023-06-11,66.6,67.6,79,20.9,0.00,60.3
2023-06-12,77.7,77.3,74,14.2,0.00,65.2
2023-06-13,65.5,69.1,80,20.4,2.60,60.5
2023-06-14,65.4,68.2,64,21.3,0.30,58.8
2023-06-15,69.4,68.7,68,18.7,0.00,59.6
2023-06-16,69.1,70.5,75,13.7,4.30,61.4
2023-06-17,62.5,65.1,75,18.3,0.60,56.9
2023-06-18,54.9,56.8,79,14.1,8.40,53.0
2023-06-19,61.3,63.5,70,20.3,0.50,55.0
2023-06-20,57.3,59.2,80,19.9,2.40,55.5
2023-06-21,70.3,68.5,75,14.2,0.00,58.9
2023-06-22,70.4,71.9,70,18.1,0.00,61.7
2023-06-23,80.1,77.3,65,13.9,0.00,64.7
2023-06-24,70.7,70.5,67,17.7,0.00,60.5
2023-06-25,74.5,74.1,69,15.5,0.00,62.9
2023-06-26,77.4,74.8,73,12.6,0.00,63.9
2023-06-27,76.9,74.8,73,14.2,0.00,64.0
2023-06-28,82.0,78.8,70,15.8,0.00,66.4
2023-06-29,81.2,77.9,74,20.9,0.00,67.0
2023-06-30,77.9,76.3,71,20.3,0.00,65.8
2023-07-01,74.7,76.1,55,20.0,0.00,64.9
2023-07-02,70.4,74.1,57,20.6,0.00,65.0
2023-07-03,72.9,76.8,55,22.5,0.00,66.2
2023-07-04,80.7,83.0,50,19.7,0.00,70.5
2023-07-05,83.1,84.7,50,16.1,0.00,72.3
2023-07-06,87.3,84.6,58,14.4,0.00,71.4
2023-07-07,81.9,79.6,65,18.3,0.00,66.1
2023-07-08,77.8,74.8,66,15.6,0.00,64.9
2023-07-09,77.4,76.2,68,15.0,0.00,64.5
2023-07-10,66.7,70.7,64,19.5,0.00,63.8
2023-07-11,75.9,75.2,68,17.3,0.00,65.0
2023-07-12,76.0,75.3,72,16.8,0.10,65.3
2023-07-13,79.3,77.5,67,19.0,0.00,66.0
2023-07-14,80.9,81.4,60,18.0,0.00,68.9
2023-07-15,81.8,82.1,60,19.8,0.00,69.7
2023-07-16,80.8,80.4,64,21.6,0.00,68.7
2023-07-17,73.5,74.5,63,22.1,0.10,66.7
2023-07-18,72.8,75.9,62,22.6,0.00,66.1
2023-07-19,80.6,82.4,56,18.7,0.00,70.1
2023-07-20,87.4,84.8,58,13.0,0.00,72.0
2023-07-21,79.9,78.8,69,14.3,0.20,67.6
2023-07-22,80.7,79.2,68,24.4,0.00,68.1
2023-07-23,81.1,80.8,61,19.6,0.00,68.4
2023-07-24,68.8,72.6,76,25.3,4.40,64.7
2023-07-25,70.3,73.0,73,19.3,0.20,63.3
2023-07-26,70.2,72.9,65,18.5,0.00,64.0
2023-07-27,77.7,76.6,64,14.8,0.00,66.1
2023-07-28,78.0,78.0,68,20.3,0.00,66.7
2023-07-29,79.0,77.8,67,21.3,0.00,65.7
2023-07-30,74.6,75.8,61,16.9,0.00,65.9
2023-07-31,75.3,76.4,62,18.8,0.00,66.0
2023-08-01,77.8,78.5,62,19.3,0.00,67.3
2023-08-02,78.9,80.2,57,24.8,0.00,68.0
2023-08-03,79.2,79.6,63,17.6,0.00,68.8
2023-08-04,78.9,79.4,60,17.0,0.00,69.5
2023-08-05,75.0,75.3,75,13.5,0.40,67.9
2023-08-06,83.9,80.0,76,12.9,0.00,70.2
2023-08-07,76.4,75.7,75,13.8,0.70,69.2
2023-08-08,80.6,77.5,74,20.4,0.00,67.7
2023-08-09,77.6,78.3,74,25.1,3.60,67.3
2023-08-10,73.7,74.0,64,13.5,0.00,66.6
2023-08-11,77.5,77.5,66,16.5,0.00,67.2
2023-08-12,75.6,78.4,67,21.4,0.00,68.4
2023-08-13,80.5,82.8,61,25.5,0.00,72.2
2023-08-14,83.3,84.8,57,25.7,0.00,75.4
2023-08-15,87.1,88.3,55,20.0,0.00,76.4
2023-08-16,88.2,88.4,56,17.1,0.00,75.9
2023-08-17,90.2,89.0,58,15.7,0.00,74.6
2023-08-18,74.1,74.0,61,16.2,0.00,66.1
2023-08-19,69.2,75.3,61,25.7,0.00,65.6
2023-08-20,74.3,78.9,56,21.8,0.00,68.2
2023-08-21,75.6,76.8,61,9.9,0.00,65.1
2023-08-22,68.2,72.8,65,19.4,8.50,63.8
2023-08-23,71.7,72.6,71,17.8,3.40,64.1
2023-08-24,70.0,74.3,70,24.1,0.00,64.7
2023-08-25,80.2,81.2,65,21.0,0.80,67.5
2023-08-26,77.7,81.0,61,23.3,0.00,70.1
2023-08-27,83.4,83.2,61,15.0,0.00,69.7
2023-08-28,76.8,74.9,76,15.1,0.10,65.6
2023-08-29,69.7,68.3,84,14.3,9.70,62.7
2023-08-30,74.4,72.8,80,13.8,1.30,65.2
2023-08-31,66.0,67.0,82,20.8,1.10,63.2
2023-09-01,70.3,72.1,78,21.1,0.00,63.7
2023-09-02,79.4,77.3,78,11.3,0.00,66.4
2023-09-03,67.7,71.9,79,30.1,0.50,64.4
2023-09-04,66.3,68.2,74,20.0,0.10,60.4
2023-09-05,66.4,67.1,76,8.7,0.00,60.2
2023-09-06,72.5,73.8,76,17.3,0.00,62.0
2023-09-07,67.7,68.0,76,9.3,0.00,62.2
2023-09-08,70.2,70.4,78,13.0,0.00,61.6
2023-09-09,73.3,74.4,72,12.8,0.00,62.3
2023-09-10,77.5,80.8,67,18.0,0.00,66.1
2023-09-11,70.5,68.9,79,15.0,0.10,63.2
2023-09-12,64.0,67.7,77,16.3,1.60,61.6
2023-09-13,70.7,71.7,80,14.8,0.00,62.9
2023-09-14,69.9,72.1,77,15.3,0.00,61.6
2023-09-15,75.8,77.6,74,14.9,0.00,63.2
2023-09-16,73.7,75.1,72,16.6,0.00,61.8
2023-09-17,68.9,69.4,67,17.3,0.00,61.4
2023-09-18,59.9,64.9,63,21.4,0.30,60.3
2023-09-19,64.0,68.8,66,24.2,5.10,58.8
2023-09-20,58.6,62.2,77,27.9,5.70,56.9
2023-09-21,61.6,65.8,75,20.6,0.00,57.2
2023-09-22,71.1,72.0,74,9.4,0.00,60.4
2023-09-23,57.5,62.2,81,22.9,5.50,58.0
2023-09-24,64.7,64.0,88,22.6,9.70,58.1
2023-09-25,61.7,61.9,90,25.5,20.00,58.8
2023-09-26,57.9,62.3,86,23.7,8.70,56.7
2023-09-27,59.3,61.0,88,21.1,16.20,55.8
2023-09-28,58.0,59.0,89,21.3,5.00,54.5
2023-09-29,51.4,57.7,81,22.3,0.00,52.6
2023-09-30,57.1,60.8,82,19.1,0.10,53.1
2023-10-01,60.0,61.2,82,11.4,0.00,53.9
2023-10-02,56.7,57.3,90,16.2,11.10,54.3
2023-10-03,59.0,60.2,85,21.0,0.00,55.9
2023-10-04,62.1,62.6,89,11.6,0.00,55.9
2023-10-05,58.8,63.1,87,22.3,0.00,56.7
2023-10-06,65.1,67.2,85,17.2,0.00,57.6
2023-10-07,78.2,73.7,82,12.2,0.00,60.2
2023-10-08,74.1,71.9,88,15.9,0.00,60.7
2023-10-09,65.5,66.5,88,21.7,2.30,59.0
2023-10-10,57.2,60.6,89,22.0,16.10,55.3
2023-10-11,59.9,59.9,88,20.2,7.20,54.3
2023-10-12,60.6,61.8,90,8.6,0.00,53.8
2023-10-13,68.6,70.9,76,16.1,3.70,58.0
2023-10-14,62.4,62.5,90,14.6,3.00,57.7
2023-10-15,63.4,62.7,92,10.7,3.30,57.4
2023-10-16,58.8,62.0,93,28.1,11.10,56.4
2023-10-17,57.5,58.9,90,19.1,2.10,54.2
2023-10-18,65.6,67.6,80,16.9,0.00,56.7
2023-10-19,69.0,68.3,89,18.8,0.00,58.4
2023-10-20,58.6,59.3,86,18.7,0.00,56.2
2023-10-21,55.2,57.2,89,12.6,0.90,53.4
2023-10-22,55.1,57.6,88,13.4,0.10,52.5
2023-10-23,53.2,55.9,83,18.5,0.70,52.1
2023-10-24,45.3,52.0,84,25.7,16.80,48.4
2023-10-25,44.6,50.7,76,24.0,7.20,46.2
2023-10-26,47.2,51.0,77,14.1,0.00,44.8
2023-10-27,38.4,48.3,65,20.2,0.00,44.1
2023-10-28,41.3,49.1,73,13.7,0.00,40.9
2023-10-29,44.7,51.8,75,13.4,0.00,41.6
2023-10-30,47.3,53.2,80,12.8,0.00,42.8
2023-10-31,48.0,51.1,80,9.7,0.00,42.5
2023-11-01,48.9,50.5,81,9.7,6.50,46.9
2023-11-02,52.9,59.9,91,38.6,25.70,54.3
2023-11-03,56.6,57.4,89,20.7,7.50,53.5
2023-11-04,54.6,60.2,91,32.9,25.60,56.5
2023-11-05,55.6,57.5,87,18.8,3.30,53.1
2023-11-06,51.7,54.5,92,22.7,18.10,50.8
2023-11-07,51.8,55.0,87,22.0,1.30,50.9
2023-11-08,51.1,54.1,84,12.8,0.00,47.8
2023-11-09,45.7,51.0,86,19.3,4.10,45.0
2023-11-10,44.1,50.5,87,37.9,3.70,47.8
2023-11-11,44.2,53.7,84,45.2,12.20,50.5
2023-11-12,51.6,53.9,89,22.7,10.70,48.5
2023-11-13,47.6,50.9,88,19.1,6.50,47.3
2023-11-14,41.5,47.8,86,15.3,0.00,41.7
2023-11-15,40.8,46.6,85,13.1,0.00,42.3
2023-11-16,39.6,46.7,82,14.7,0.00,41.0
2023-11-17,45.9,49.1,87,7.9,0.00,40.5
2023-11-18,52.1,54.1,82,18.0,2.80,44.8
2023-11-19,46.2,49.2,87,34.8,2.20,47.0
2023-11-20,44.8,49.2,86,10.5,0.00,42.2
2023-11-21,46.4,52.3,75,16.2,5.20,46.4
2023-11-22,45.8,49.3,87,17.3,4.80,46.3
2023-11-23,38.2,46.4,82,22.4,0.00,43.7
2023-11-24,38.9,45.4,84,13.6,0.00,39.5
2023-11-25,41.1,46.5,89,9.7,0.00,37.9
2023-11-26,41.4,46.3,87,9.7,0.00,38.3
2023-11-27,41.2,45.3,84,8.6,0.00,37.1
2023-11-28,38.3,42.3,84,8.5,0.00,35.8
2023-11-29,38.1,42.4,89,7.3,0.00,36.4
2023-11-30,38.4,42.0,87,22.9,3.10,39.2
2023-12-01,42.8,49.2,88,31.6,9.40,43.8
2023-12-02,41.9,49.9,85,46.6,14.70,45.9
2023-12-03,49.4,53.6,88,19.9,5.60,46.4
2023-12-04,51.4,58.3,92,34.2,30.40,49.0
2023-12-05,52.7,58.0,95,32.2,47.70,53.5
2023-12-06,48.8,50.1,95,14.5,9.70,48.3
2023-12-07,45.0,46.7,91,23.1,15.30,44.5
2023-12-08,40.2,44.0,92,15.2,3.00,40.3
2023-12-09,38.4,42.4,91,16.3,15.50,38.3
2023-12-10,48.0,54.1,93,24.0,6.40,49.0
2023-12-11,44.4,47.8,92,16.3,0.00,45.8
2023-12-12,42.8,46.7,85,12.9,0.00,41.3
2023-12-13,44.6,49.1,76,12.5,0.00,42.7
2023-12-14,44.8,47.0,86,10.7,4.20,44.5
2023-12-15,50.0,53.0,82,10.2,0.00,44.9
2023-12-16,45.0,47.7,85,9.4,0.00,40.6
2023-12-17,43.0,47.7,91,13.0,0.00,40.1
2023-12-18,44.0,47.3,87,11.1,1.80,42.6
2023-12-19,44.6,48.6,85,15.5,6.70,46.3
2023-12-20,46.0,47.6,97,8.5,0.00,43.2
2023-12-21,46.8,50.5,94,12.6,0.00,45.9
2023-12-22,41.0,46.6,92,21.2,15.20,42.9
2023-12-23,38.9,42.3,95,11.4,0.00,37.0
2023-12-24,37.0,43.0,73,20.0,0.10,37.9
2023-12-25,38.2,46.9,75,28.3,12.30,42.8
2023-12-26,48.3,50.4,86,27.4,5.40,46.2
2023-12-27,46.2,53.1,64,24.7,2.30,49.1
2023-12-28,50.5,52.7,77,23.5,6.70,48.4
2023-12-29,55.8,57.6,61,23.3,0.00,53.6
2023-12-30,48.2,51.9,84,18.7,3.60,49.2
2023-12-31,43.6,46.4,94,14.4,0.10,43.3
2024-01-01,39.5,42.9,89,9.0,0.00,38.4
2024-01-02,42.0,45.9,80,15.9,3.90,42.8
2024-01-03,43.9,47.0,85,22.8,3.80,44.8
2024-01-04,46.6,48.6,93,21.7,4.90,44.9
2024-01-05,37.8,47.3,90,32.8,11.60,44.0
2024-01-06,40.3,44.5,89,32.1,10.90,41.1
2024-01-07,38.2,41.9,91,7.7,1.10,38.7
2024-01-08,38.2,47.9,92,34.1,14.40,40.3
2024-01-09,35.7,49.1,85,52.0,15.40,43.7
2024-01-10,37.5,41.8,85,21.6,0.20,38.9
2024-01-11,34.6,41.7,78,22.0,2.70,36.2
2024-01-12,17.5,28.8,46,30.2,0.00,21.6
2024-01-13,15.8,25.6,40,14.3,0.00,18.8
2024-01-14,24.2,31.6,54,8.7,0.00,23.8
2024-01-15,28.1,35.4,54,12.1,0.00,26.3
2024-01-16,31.8,38.2,48,9.4,1.10,29.7
2024-01-17,32.5,39.2,92,22.8,9.40,34.7
2024-01-18,30.2,36.5,88,23.2,13.10,35.1
2024-01-19,41.2,45.1,86,25.1,2.70,38.6
2024-01-20,42.5,47.3,86,14.0,1.30,40.1
2024-01-21,42.6,46.5,89,16.3,14.60,43.5
2024-01-22,43.6,49.1,93,23.2,18.50,45.4
2024-01-23,45.9,51.8,91,22.7,0.20,46.1
2024-01-24,44.1,50.3,90,20.5,9.40,44.1
2024-01-25,43.5,50.0,89,22.0,13.10,46.0
2024-01-26,46.4,50.5,88,15.9,13.40,45.5
2024-01-27,51.0,54.5,94,20.9,33.80,49.0
2024-01-28,58.0,59.2,93,24.3,14.60,54.2
2024-01-29,62.6,62.8,81,16.6,0.00,54.2
2024-01-30,56.6,56.3,84,19.7,1.00,52.4
2024-01-31,53.4,57.2,79,29.9,11.30,52.7
2024-02-01,53.1,56.2,89,16.3,5.00,49.8
2024-02-02,49.5,53.2,86,12.3,0.00,45.4
2024-02-03,45.3,48.7,92,9.5,0.00,41.5
2024-02-04,40.2,47.1,84,22.4,0.00,43.8
2024-02-05,38.2,44.1,83,23.5,3.20,42.9
2024-02-06,42.2,45.9,92,8.7,4.00,42.5
2024-02-07,41.8,46.9,91,9.5,0.40,40.7
2024-02-08,40.9,45.6,90,7.8,0.80,40.6
2024-02-09,42.4,46.4,88,7.8,1.10,41.0
2024-02-10,44.5,47.6,82,7.9,0.00,40.5
2024-02-11,44.3,50.3,89,28.6,8.00,44.9
2024-02-12,44.2,48.8,90,26.0,0.60,45.7
2024-02-13,40.6,46.9,87,16.4,0.00,42.7
2024-02-14,40.9,48.4,66,15.1,0.60,40.5
2024-02-15,37.4,42.2,86,19.8,9.40,37.9
2024-02-16,43.6,49.0,65,19.0,0.00,38.1
2024-02-17,41.3,47.7,58,17.8,0.00,40.9
2024-02-18,41.7,45.2,77,9.1,1.10,42.3
2024-02-19,43.6,48.3,83,13.8,0.00,41.6
2024-02-20,50.6,52.3,91,13.7,1.60,44.4
2024-02-21,44.1,49.3,91,20.5,6.40,46.0
2024-02-22,51.7,54.1,83,20.2,0.20,47.1
2024-02-23,47.3,49.5,91,9.9,0.00,43.6
2024-02-24,46.6,50.8,87,24.6,0.60,45.1
2024-02-25,42.3,49.6,88,39.9,4.10,46.7
2024-02-26,37.1,43.3,80,18.0,4.20,37.9
2024-02-27,34.0,44.2,80,35.9,1.70,37.0
2024-02-28,39.0,49.5,90,38.6,37.50,47.1
2024-02-29,39.9,47.0,88,26.3,17.50,40.7
2024-03-01,36.4,43.4,83,27.2,8.00,38.5
2024-03-02,34.3,43.6,82,29.6,7.40,38.2
2024-03-03,34.0,43.1,78,24.1,1.20,37.8
2024-03-04,40.4,45.6,75,24.8,0.60,39.5
2024-03-05,36.3,44.0,79,14.6,0.00,35.9
2024-03-06,37.8,43.3,78,7.7,0.00,36.1
2024-03-07,39.9,45.1,76,9.4,0.00,37.4
2024-03-08,46.4,50.1,75,10.3,0.30,42.0
2024-03-09,39.9,50.6,70,37.0,3.50,45.5
2024-03-10,42.2,47.9,81,28.8,10.40,45.6
2024-03-11,44.9,49.6,86,27.8,8.80,45.0
2024-03-12,42.6,50.4,80,31.7,1.40,45.2
2024-03-13,44.8,50.5,78,12.3,0.10,42.6
2024-03-14,45.0,52.0,77,18.9,0.00,42.2
2024-03-15,49.3,55.6,81,19.7,0.00,45.6
2024-03-16,65.3,64.1,82,11.5,0.00,49.7
2024-03-17,61.9,63.6,73,13.5,0.00,51.1
2024-03-18,56.2,60.1,84,15.1,0.00,48.9
2024-03-19,60.5,61.8,83,16.9,0.00,48.3
2024-03-20,47.9,53.6,79,15.7,0.90,47.7
2024-03-21,53.0,56.6,84,12.8,1.50,50.1
2024-03-22,51.6,54.2,92,12.6,3.40,49.4
2024-03-23,48.2,51.4,93,16.3,8.20,48.2
2024-03-24,53.3,56.8,79,17.7,0.40,49.3
2024-03-25,45.6,51.1,82,21.8,4.60,47.2
2024-03-26,48.9,54.1,81,15.6,7.10,47.0
2024-03-27,48.3,55.5,82,22.1,11.60,47.3
2024-03-28,45.1,52.1,81,25.2,9.80,46.0
2024-03-29,52.1,55.8,73,21.4,0.00,47.6
2024-03-30,50.0,55.2,76,17.4,0.00,47.5
2024-03-31,51.3,56.2,75,21.3,0.00,46.9
2024-04-01,58.5,60.8,79,12.0,0.00,50.0
2024-04-02,56.6,62.6,81,25.5,0.70,52.6
2024-04-03,45.6,49.8,76,22.8,1.20,45.5
2024-04-04,41.3,47.9,72,24.2,1.10,44.5
2024-04-05,43.6,49.3,81,16.4,0.10,44.9
2024-04-06,43.1,49.7,81,25.8,2.20,46.0
2024-04-07,46.0,53.8,79,25.6,0.10,47.4
2024-04-08,42.9,50.8,81,31.8,3.30,46.6
2024-04-09,50.4,55.4,78,31.1,2.30,50.1
2024-04-10,54.4,57.7,75,13.2,0.00,48.1
2024-04-11,48.8,54.1,81,13.4,0.80,47.4
2024-04-12,48.1,55.0,81,29.8,0.00,49.0
2024-04-13,52.3,57.7,78,20.6,0.00,49.7
2024-04-14,59.4,61.4,76,14.8,0.00,50.6
2024-04-15,46.5,51.8,73,19.4,0.00,48.3
2024-04-16,47.4,52.1,66,15.5,1.60,46.3
2024-04-17,49.2,55.0,69,20.3,0.00,47.0
2024-04-18,51.9,59.1,66,23.5,0.00,49.4
2024-04-19,60.0,64.8,57,18.3,0.00,51.7
2024-04-20,66.7,71.4,56,30.6,1.10,52.7
2024-04-21,52.4,56.2,70,26.9,0.20,49.6
2024-04-22,51.2,57.1,70,20.9,0.00,50.1
2024-04-23,62.3,66.2,65,17.7,0.00,53.3
2024-04-24,48.9,55.3,75,21.1,0.10,50.5
2024-04-25,47.8,51.9,92,22.2,16.10,50.6
2024-04-26,57.8,60.0,83,21.4,0.90,53.3
2024-04-27,46.8,51.8,86,22.7,4.70,50.2
2024-04-28,44.9,54.2,79,27.8,0.40,49.6
2024-04-29,47.7,50.3,78,19.1,1.90,45.8
2024-04-30,48.5,52.8,76,15.9,2.70,46.3
2024-05-01,54.0,58.1,75,12.6,0.10,48.5
2024-05-02,55.5,60.3,73,22.1,0.00,51.3
2024-05-03,64.0,64.0,74,18.2,0.50,53.4
2024-05-04,53.3,54.4,91,23.7,3.90,52.3
2024-05-05,47.3,54.0,89,33.0,2.20,50.6
2024-05-06,49.8,56.9,78,28.5,4.10,49.9
2024-05-07,52.6,55.8,76,16.9,4.20,48.6
2024-05-08,55.4,59.6,72,20.9,0.00,50.8
2024-05-09,62.3,66.2,70,22.9,0.00,56.0
2024-05-10,76.9,75.9,70,16.5,0.00,61.2
2024-05-11,78.2,76.1,69,18.6,0.00,62.5
2024-05-12,73.2,72.7,71,21.3,0.00,60.5
2024-05-13,63.7,65.1,79,23.2,0.00,57.1
2024-05-14,63.3,67.0,70,17.6,0.00,57.6
2024-05-15,69.5,70.5,75,17.9,0.00,59.4
2024-05-16,57.1,64.9,76,36.7,1.70,56.7
2024-05-17,59.8,63.4,64,17.8,1.10,54.0
2024-05-18,49.8,55.0,76,15.9,2.60,50.4
2024-05-19,55.7,59.3,75,11.4,0.30,51.6
2024-05-20,63.3,64.3,72,14.1,0.00,53.7
2024-05-21,49.1,52.6,89,28.7,12.80,51.1
2024-05-22,55.1,57.9,75,22.6,13.50,51.1
2024-05-23,61.8,65.8,74,18.9,0.50,55.2
2024-05-24,52.6,57.1,78,19.7,2.10,53.2
2024-05-25,50.8,59.6,71,27.1,0.00,53.1
2024-05-26,53.5,59.3,79,20.5,2.70,53.4
2024-05-27,61.5,64.0,79,15.9,0.00,55.8
2024-05-28,53.4,57.7,83,22.2,1.60,52.9
2024-05-29,55.6,58.8,81,20.1,2.30,52.1
2024-05-30,58.5,60.2,69,15.6,0.00,53.6
2024-05-31,62.5,65.4,69,17.8,0.00,55.3
2024-06-01,60.3,64.1,73,15.1,0.40,56.5
2024-06-02,57.2,58.5,91,31.6,16.50,55.9
2024-06-03,52.0,58.7,78,37.4,10.80,54.4
2024-06-04,56.5,61.9,81,33.2,6.80,55.5
2024-06-05,62.0,63.1,71,14.6,0.00,55.1
2024-06-06,62.1,65.6,68,19.8,0.00,56.8
2024-06-07,66.3,68.7,68,20.6,0.00,59.0
2024-06-08,73.9,73.9,68,12.5,0.00,62.2
2024-06-09,75.0,72.9,75,15.6,0.00,61.3
2024-06-10,68.3,67.5,74,14.3,0.10,58.4
2024-06-11,60.9,67.0,73,33.8,1.40,58.7
2024-06-12,60.3,63.1,66,18.2,0.00,56.2
2024-06-13,62.0,65.9,67,14.7,0.00,57.5
2024-06-14,61.0,65.1,70,21.7,0.40,56.7
2024-06-15,56.2,60.5,74,25.8,13.40,53.9
2024-06-16,58.8,60.9,73,20.6,0.20,53.5
2024-06-17,59.5,60.8,77,14.5,0.20,55.2
2024-06-18,64.5,64.4,72,12.2,0.00,56.8
2024-06-19,71.0,72.0,68,18.9,0.00,61.3
2024-06-20,74.9,76.2,62,20.2,0.00,64.9
2024-06-21,79.3,80.4,60,16.4,0.00,66.5
2024-06-22,76.1,76.6,65,19.2,0.20,63.7
2024-06-23,62.0,66.5,66,25.7,0.40,61.1
2024-06-24,65.4,67.6,70,17.9,0.00,60.3
2024-06-25,73.1,74.2,65,16.6,0.00,63.4
2024-06-26,64.6,71.3,68,30.0,0.10,62.0
2024-06-27,61.6,63.7,84,17.6,3.40,58.1
2024-06-28,70.4,70.2,68,13.7,0.00,61.5
2024-06-29,71.6,72.6,74,17.1,2.40,63.3
2024-06-30,74.4,73.0,79,16.7,0.70,65.0
2024-07-01,71.5,72.3,76,16.3,4.50,64.0
2024-07-02,70.6,70.5,70,18.7,0.00,61.8
2024-07-03,72.5,72.5,68,16.8,0.00,62.7
2024-07-04,74.2,76.2,64,19.1,0.00,65.6
2024-07-05,79.3,81.1,59,20.1,0.00,68.9
2024-07-06,82.2,83.8,55,16.9,0.00,71.4
2024-07-07,86.9,87.5,54,15.3,0.00,73.5
2024-07-08,87.1,88.5,51,14.8,0.00,75.3
2024-07-09,90.1,90.7,47,17.3,0.00,76.3
2024-07-10,85.5,85.8,48,19.3,0.00,73.1
2024-07-11,78.7,80.2,61,18.1,0.00,68.3
2024-07-12,77.7,78.4,63,17.7,0.00,68.2
2024-07-13,79.3,80.8,61,21.0,0.00,70.2
2024-07-14,90.1,86.7,61,17.9,0.00,71.7
2024-07-15,80.1,79.7,67,13.8,0.00,67.1
2024-07-16,82.5,83.6,62,15.9,0.00,70.7
2024-07-17,88.7,86.7,59,19.6,0.00,72.7
2024-07-18,84.1,83.3,64,17.0,0.00,69.5
2024-07-19,81.6,80.4,64,19.7,0.00,68.8
2024-07-20,81.1,82.1,62,18.2,0.00,70.0
2024-07-21,79.2,78.8,67,17.3,0.40,68.4
2024-07-22,70.7,70.7,73,19.3,0.40,63.6
2024-07-23,69.0,72.3,57,17.1,0.00,64.6
2024-07-24,74.8,74.3,64,26.7,0.00,63.8
2024-07-25,71.1,73.9,59,17.7,0.00,64.7
2024-07-26,71.9,74.1,65,20.2,0.00,64.2
2024-07-27,77.8,78.4,66,14.1,0.00,66.0
2024-07-28,76.7,78.4,67,16.7,0.10,65.7
2024-07-29,66.2,67.7,85,24.3,11.10,63.6
2024-07-30,73.8,76.0,76,22.0,0.00,67.7
2024-07-31,78.1,75.6,78,19.6,0.00,66.9
2024-08-01,80.4,80.2,70,19.7,0.00,69.2
2024-08-02,90.5,86.6,67,18.0,0.00,72.8
2024-08-03,83.2,80.6,71,12.3,0.00,69.3
2024-08-04,88.9,86.4,66,16.9,0.00,71.0
2024-08-05,83.8,82.9,65,12.2,0.00,68.6
2024-08-06,75.4,75.7,71,13.7,0.20,64.2
2024-08-07,75.2,76.6,72,20.5,0.00,66.3
2024-08-08,81.5,81.7,68,18.4,0.00,69.2
2024-08-09,86.1,84.7,65,17.5,0.00,71.6
2024-08-10,87.3,84.1,69,13.5,0.00,70.6
2024-08-11,74.3,73.7,72,17.8,0.10,65.5
2024-08-12,72.9,74.3,67,19.1,0.30,64.4
2024-08-13,69.9,68.9,75,15.1,0.50,63.8
2024-08-14,74.9,75.0,74,17.4,0.00,66.4
2024-08-15,76.8,75.9,70,10.4,0.00,66.8
2024-08-16,73.4,74.9,64,16.7,0.00,66.5
2024-08-17,73.8,76.6,71,27.1,10.90,66.5
2024-08-18,75.0,75.7,77,24.9,2.40,66.4
2024-08-19,73.8,77.2,73,19.7,0.00,65.5
2024-08-20,72.9,73.6,76,17.7,3.80,64.6
2024-08-21,69.7,71.5,80,16.7,0.10,63.2
2024-08-22,68.6,69.2,81,12.4,1.50,63.8
2024-08-23,61.2,61.3,90,22.3,8.00,59.3
2024-08-24,62.0,64.1,90,25.1,11.10,59.0
2024-08-25,72.2,70.7,80,15.0,0.00,62.3
2024-08-26,73.9,73.7,81,20.7,1.60,63.5
2024-08-27,64.7,65.2,74,22.3,7.60,59.7
2024-08-28,62.5,65.0,75,18.8,0.00,58.4
2024-08-29,68.7,70.3,76,21.3,0.00,61.3
2024-08-30,75.8,74.9,76,17.2,0.00,64.0
2024-08-31,77.8,76.6,77,17.0,0.00,65.7
2024-09-01,80.4,77.6,79,15.5,0.00,67.3
2024-09-02,73.1,72.8,78,17.6,0.80,64.2
2024-09-03,71.5,70.5,81,13.9,0.10,63.2
2024-09-04,71.6,72.2,84,17.0,0.00,62.5
2024-09-05,84.5,82.3,75,15.6,0.00,68.0
2024-09-06,82.7,82.6,73,20.7,0.00,69.2
2024-09-07,80.2,79.0,71,16.2,0.00,68.6
2024-09-08,79.6,79.8,75,14.4,0.00,67.2
2024-09-09,71.2,70.3,81,10.1,0.20,63.6
2024-09-10,68.8,72.2,75,20.0,0.20,62.4
2024-09-11,67.5,67.7,78,11.4,1.40,60.4
2024-09-12,69.4,69.5,80,12.6,0.00,60.7
2024-09-13,64.9,66.1,80,11.5,2.20,59.2
2024-09-14,66.1,66.7,86,14.9,11.70,60.4
2024-09-15,59.6,63.7,78,20.7,0.40,58.6
2024-09-16,64.8,67.3,78,16.6,0.00,59.4
2024-09-17,61.1,62.6,86,17.7,0.70,57.4
2024-09-18,65.2,67.0,84,13.3,1.10,60.3
2024-09-19,64.9,64.5,88,8.7,0.00,57.9
2024-09-20,62.0,63.2,77,10.2,0.70,58.4
2024-09-21,63.4,67.0,78,13.4,0.00,57.5
2024-09-22,66.3,66.7,80,10.4,0.00,59.1
2024-09-23,74.4,71.0,86,13.8,0.30,63.9
2024-09-24,73.9,72.5,88,14.2,0.00,63.1
2024-09-25,61.8,63.6,90,24.2,13.60,59.9
2024-09-26,63.0,65.5,80,22.3,5.40,57.9
2024-09-27,59.4,63.3,73,25.4,0.10,59.2
2024-09-28,56.6,60.9,77,18.9,0.00,55.3
2024-09-29,57.8,60.6,73,12.6,0.00,54.7
2024-09-30,58.3,63.4,74,16.0,0.00,54.1
2024-10-01,62.8,64.4,81,23.1,0.20,54.5
2024-10-02,58.4,60.5,77,12.2,0.20,54.4
2024-10-03,59.1,63.1,78,15.6,0.00,54.1
2024-10-04,56.3,62.1,77,33.1,9.90,54.2
2024-10-05,59.0,61.9,83,16.7,0.00,55.4
2024-10-06,64.7,66.6,83,10.1,0.00,55.9
2024-10-07,70.5,69.6,86,7.7,0.00,58.3
2024-10-08,66.6,68.1,83,24.3,6.30,60.6
2024-10-09,60.1,63.5,76,15.7,0.80,57.3
2024-10-10,51.8,57.6,84,20.1,0.00,52.7
2024-10-11,56.7,59.2,85,9.3,0.00,51.9
2024-10-12,64.8,64.9,85,9.2,0.00,54.1
2024-10-13,68.0,67.6,86,12.5,0.00,57.7
2024-10-14,64.5,66.8,91,18.6,2.60,58.7
2024-10-15,54.8,56.0,83,21.3,1.70,54.2
2024-10-16,53.5,56.6,80,21.6,2.50,53.3
2024-10-17,50.4,54.1,81,21.1,1.10,50.1
2024-10-18,46.1,53.2,80,31.6,5.80,50.0
2024-10-19,57.4,61.8,85,34.8,26.80,58.4
2024-10-20,60.9,66.7,87,38.2,4.60,58.8
2024-10-21,52.4,54.3,90,25.0,4.30,51.8
2024-10-22,51.8,54.4,84,23.4,0.00,49.7
2024-10-23,48.7,51.2,88,11.6,0.90,48.3
2024-10-24,49.8,54.7,80,14.8,0.00,48.3
2024-10-25,55.9,59.6,72,28.2,0.00,51.3
2024-10-26,56.7,61.6,86,31.0,13.40,56.7
2024-10-27,54.5,55.6,87,32.0,20.60,53.0
2024-10-28,49.9,55.3,83,28.0,0.50,50.5
2024-10-29,49.0,53.2,87,12.1,0.10,48.3
2024-10-30,45.0,52.1,81,19.6,10.40,47.6
2024-10-31,47.3,51.0,85,21.2,5.20,46.6
2024-11-01,46.3,50.4,92,21.2,19.10,47.8
2024-11-02,48.6,53.9,87,21.7,3.50,48.9
2024-11-03,50.1,52.4,87,17.1,0.20,49.2
2024-11-04,50.3,57.7,78,37.2,10.00,50.1
2024-11-05,46.6,50.5,84,13.6,0.00,44.9
2024-11-06,48.1,51.9,85,8.5,0.00,44.2
2024-11-07,50.9,53.0,84,8.7,0.00,45.5
2024-11-08,52.2,57.1,74,16.5,0.00,50.4
2024-11-09,49.2,51.6,87,14.4,4.80,49.6
2024-11-10,53.2,55.0,87,19.0,3.30,51.1
2024-11-11,45.5,52.0,88,32.3,21.70,50.2
2024-11-12,48.9,53.6,83,33.3,7.30,50.1
2024-11-13,48.4,53.7,84,24.1,23.30,51.0
2024-11-14,45.5,50.5,86,29.6,9.20,49.0
2024-11-15,43.1,47.2,80,7.6,2.30,44.9
2024-11-16,40.2,47.8,83,23.1,7.20,43.3
2024-11-17,43.7,50.2,87,37.6,4.20,47.0
2024-11-18,36.7,43.9,84,22.6,3.80,41.6
2024-11-19,41.1,47.5,73,38.6,3.70,42.9
2024-11-20,48.2,55.6,68,31.7,2.60,47.9
2024-11-21,46.7,48.5,87,10.7,1.30,44.6
2024-11-22,47.8,56.7,78,27.3,10.50,48.7
2024-11-23,44.5,49.6,82,21.8,0.80,46.5
2024-11-24,42.8,46.6,83,14.4,6.10,44.4
2024-11-25,44.9,47.4,91,9.0,10.70,44.9
2024-11-26,44.9,47.6,85,7.9,0.00,44.9
2024-11-27,42.7,45.9,89,7.5,0.10,43.8
2024-11-28,40.2,46.0,86,12.1,0.00,41.9
2024-11-29,37.9,42.6,87,9.4,0.00,39.7
2024-11-30,41.1,44.1,89,5.4,0.00,40.2
2024-12-01,45.1,47.5,90,7.2,0.00,40.8
2024-12-02,39.3,42.6,90,5.6,0.00,37.9
2024-12-03,40.9,44.5,91,7.8,0.00,38.8
2024-12-04,41.3,44.6,86,9.8,0.00,37.6
2024-12-05,41.6,45.4,83,8.9,0.00,40.0
2024-12-06,42.4,48.2,78,18.4,0.00,42.7
2024-12-07,44.4,50.7,88,29.5,20.00,48.6
2024-12-08,41.8,47.3,88,30.1,1.30,44.1
2024-12-09,41.5,45.4,92,8.4,0.00,42.7
2024-12-10,39.1,43.8,89,9.7,0.00,39.5
2024-12-11,43.5,46.8,77,8.7,0.00,40.6
2024-12-12,40.0,43.6,83,8.4,1.50,41.0
2024-12-13,42.1,47.4,89,21.4,12.60,43.1
2024-12-14,38.9,49.6,78,39.4,8.90,46.1
2024-12-15,41.8,46.8,82,22.8,0.30,42.6
2024-12-16,47.7,50.7,85,13.7,5.70,43.4
2024-12-17,46.8,54.0,85,28.7,30.90,44.3
2024-12-18,46.8,56.2,81,40.7,14.90,50.9
2024-12-19,51.1,53.3,80,17.8,11.40,48.0
2024-12-20,51.3,56.2,80,21.7,1.50,49.6
2024-12-21,46.3,52.2,84,20.2,5.80,47.3
2024-12-22,44.1,49.3,84,23.0,7.20,46.0
2024-12-23,49.8,52.8,80,32.9,3.20,49.6
2024-12-24,45.3,51.6,81,25.5,3.40,48.7
2024-12-25,39.0,45.4,83,22.9,20.70,43.6
2024-12-26,42.0,50.5,82,37.3,21.60,46.9
2024-12-27,42.2,48.1,91,21.5,11.10,44.8
2024-12-28,42.3,51.1,86,32.2,6.70,48.1
2024-12-29,42.1,46.0,91,18.1,14.50,44.0
2024-12-30,39.8,45.6,86,21.9,2.60,42.7
2024-12-31,40.1,43.8,82,12.5,0.50,41.7
2025-01-01,40.6,44.9,82,12.9,1.40,41.1
2025-01-02,39.8,44.8,81,15.0,2.40,41.7
2025-01-03,40.8,45.4,89,17.1,12.10,42.2
2025-01-04,43.4,46.8,90,18.5,7.90,43.6
2025-01-05,48.2,49.6,94,15.0,1.40,47.2
2025-01-06,42.4,47.2,90,17.1,0.00,43.7
2025-01-07,38.3,43.5,86,11.5,0.10,39.5
2025-01-08,45.2,49.1,87,11.1,2.10,44.0
2025-01-09,44.9,47.4,88,11.6,0.00,42.7
2025-01-10,46.8,49.8,85,16.9,7.20,44.8
2025-01-11,43.4,46.1,90,6.8,0.00,41.4
2025-01-12,39.1,45.0,87,13.3,0.30,41.1
2025-01-13,36.0,40.6,92,6.3,0.00,37.7
2025-01-14,39.4,43.4,94,7.8,0.00,38.3
2025-01-15,42.0,44.8,93,8.5,0.00,38.8
2025-01-16,40.1,43.4,91,12.0,0.10,39.8
2025-01-17,37.8,43.7,86,12.1,0.30,39.0
2025-01-18,36.0,42.7,80,8.8,0.00,36.4
2025-01-19,34.2,42.1,79,15.9,0.00,36.3
2025-01-20,33.8,40.0,73,7.8,0.00,34.5
2025-01-21,37.5,42.0,78,5.6,0.00,35.5
2025-01-22,33.7,40.8,77,11.5,0.00,35.7
2025-01-23,37.1,41.5,84,9.2,0.00,36.5
2025-01-24,34.2,42.5,83,18.5,0.00,39.3
2025-01-25,35.0,42.4,74,15.6,0.00,36.5
2025-01-26,36.6,42.2,75,6.4,0.00,35.2
2025-01-27,37.5,43.3,76,8.2,0.00,35.8
2025-01-28,38.5,42.4,82,5.6,0.00,35.2
2025-01-29,39.6,44.3,81,10.3,0.00,35.9
2025-01-30,36.6,41.5,86,11.5,1.60,37.8
2025-01-31,42.8,49.5,89,35.5,19.50,44.5
2025-02-01,32.0,41.4,78,26.6,1.00,38.8
2025-02-02,28.9,37.4,82,18.7,5.50,35.4
2025-02-03,32.7,39.1,78,14.4,1.50,35.2
2025-02-04,35.2,41.2,81,12.7,0.10,35.2
2025-02-05,32.5,38.1,77,10.7,4.30,34.0
2025-02-06,30.4,37.2,82,16.6,11.80,33.9
2025-02-07,32.2,39.6,77,13.5,0.00,34.4
2025-02-08,34.2,38.6,87,6.7,5.40,35.5
2025-02-09,35.6,41.6,82,10.6,0.00,37.1
2025-02-10,31.2,39.3,72,18.0,0.20,34.4
2025-02-11,25.9,34.6,65,13.4,0.00,30.0
2025-02-12,32.0,39.5,56,16.2,0.00,31.4
2025-02-13,32.2,38.4,57,13.6,0.40,32.2
2025-02-14,37.5,42.8,78,12.1,0.40,37.5
2025-02-15,39.1,42.8,86,15.1,2.10,39.4
2025-02-16,44.9,48.6,86,14.2,6.00,42.9
2025-02-17,45.6,47.8,92,14.7,7.00,44.1
2025-02-18,49.8,52.4,85,14.7,0.40,46.8
2025-02-19,43.7,51.1,79,30.0,7.60,46.6
2025-02-20,46.5,50.8,81,27.6,0.00,46.1
2025-02-21,45.2,49.5,85,13.2,6.90,44.4
2025-02-22,49.6,53.7,90,30.4,22.00,49.7
2025-02-23,52.2,54.6,91,38.0,15.30,50.4
2025-02-24,47.6,50.5,83,32.7,6.60,47.1
2025-02-25,45.6,52.5,83,46.8,26.70,47.5
2025-02-26,53.5,56.2,76,14.8,0.00,46.2
2025-02-27,59.5,61.7,70,14.0,0.00,49.7
2025-02-28,53.4,55.9,87,11.9,0.00,46.3
2025-03-01,57.2,60.3,83,16.8,0.00,47.1
2025-03-02,47.0,50.9,89,11.5,0.10,47.6
2025-03-03,49.5,53.2,85,11.2,0.40,48.2
2025-03-04,45.9,49.2,85,27.1,4.20,46.3
2025-03-05,46.6,51.5,78,17.0,0.00,45.1
2025-03-06,45.9,51.2,77,15.6,0.00,44.9
2025-03-07,45.2,51.8,78,14.4,0.10,43.6
2025-03-08,49.2,54.2,77,21.9,1.70,47.9
2025-03-09,43.6,53.2,81,29.3,7.80,46.7
2025-03-10,42.3,48.0,82,11.4,0.60,43.4
2025-03-11,44.3,47.7,81,14.5,1.90,44.1
2025-03-12,46.6,49.2,88,18.5,15.30,45.8
2025-03-13,38.3,47.5,79,25.7,7.80,42.9
2025-03-14,46.7,52.8,73,13.5,0.70,43.2
2025-03-15,40.4,48.7,81,35.4,5.30,44.7
2025-03-16,43.9,51.3,77,20.4,4.20,44.4
2025-03-17,42.5,46.2,87,9.7,4.20,41.3
2025-03-18,44.6,49.9,80,11.4,1.70,42.0
2025-03-19,46.5,53.6,67,28.9,2.70,47.4
2025-03-20,40.4,47.6,84,30.7,9.10,44.9
2025-03-21,44.9,52.3,82,32.8,4.60,47.4
2025-03-22,48.1,52.3,76,12.6,0.60,45.7
2025-03-23,45.9,54.1,91,33.8,23.60,49.6
2025-03-24,55.7,59.5,91,31.0,9.50,54.3
2025-03-25,65.9,64.5,91,15.0,0.10,54.5
2025-03-26,69.3,69.2,86,23.3,5.30,56.2
2025-03-27,56.8,60.5,77,16.9,11.10,53.5
2025-03-28,46.1,51.6,83,25.3,15.60,48.8
2025-03-29,51.2,54.9,74,16.8,0.10,48.6
2025-03-30,56.1,63.7,70,18.3,1.80,50.9
2025-03-31,45.2,52.0,78,19.8,2.90,47.6
2025-04-01,49.3,52.8,82,10.5,2.10,46.4
2025-04-02,47.5,51.6,82,11.9,1.70,45.8
2025-04-03,50.3,54.8,77,8.2,0.00,47.2
2025-04-04,57.0,60.6,76,8.6,0.00,49.6
2025-04-05,64.2,66.7,64,12.1,0.00,54.1
2025-04-06,50.9,53.2,84,13.3,15.10,51.4
2025-04-07,50.5,55.0,86,22.7,9.80,50.4
2025-04-08,44.0,53.8,80,30.5,15.10,48.7
2025-04-09,55.2,57.5,74,16.9,0.00,50.7
2025-04-10,59.6,64.6,78,26.2,5.10,52.4
2025-04-11,48.8,52.7,74,19.4,0.00,48.2
2025-04-12,48.2,52.7,72,15.3,1.60,47.7
2025-04-13,52.1,56.9,70,14.6,0.00,48.7
2025-04-14,57.3,60.8,70,19.4,0.00,51.7
2025-04-15,56.7,59.8,73,15.1,0.00,52.9
2025-04-16,53.4,59.1,65,25.5,0.00,51.7
2025-04-17,57.0,61.2,61,14.5,0.00,52.7
2025-04-18,65.4,68.5,64,17.5,0.00,54.1
2025-04-19,54.6,57.9,78,12.6,1.80,52.8
2025-04-20,52.2,54.9,79,13.5,7.50,49.4
2025-04-21,52.9,56.2,73,12.7,0.70,49.6
2025-04-22,52.7,56.6,70,15.5,0.00,50.0
2025-04-23,57.7,61.1,68,12.2,0.00,51.9
2025-04-24,64.2,66.9,68,13.7,0.00,55.2
2025-04-25,63.6,66.7,64,17.3,0.00,57.1
2025-04-26,64.1,64.0,74,11.9,0.00,55.2
2025-04-27,58.3,61.3,71,12.6,0.00,52.9
2025-04-28,52.6,58.5,74,17.0,2.70,51.9
2025-04-29,52.3,56.4,80,18.0,4.10,52.0
2025-04-30,56.6,59.7,70,9.8,0.00,52.4
2025-05-01,67.9,69.7,74,10.8,0.00,56.5
2025-05-02,67.4,70.7,70,21.0,0.00,58.7
2025-05-03,55.1,56.9,69,11.5,5.50,52.1
2025-05-04,54.4,58.7,66,13.4,0.50,51.6
2025-05-05,60.9,64.7,61,14.0,0.00,54.9
2025-05-06,73.7,75.7,58,12.8,0.00,60.8
2025-05-07,58.7,63.2,68,17.3,0.00,56.5
2025-05-08,56.4,59.8,59,13.8,0.00,53.1
2025-05-09,64.0,67.1,57,15.2,0.00,56.4
2025-05-10,57.0,62.6,57,17.1,0.20,56.3
2025-05-11,56.6,60.9,70,16.6,3.30,54.7
2025-05-12,59.7,64.0,66,11.4,0.80,56.1
2025-05-13,60.8,64.3,72,15.0,0.00,55.8
2025-05-14,58.6,61.6,72,14.8,0.90,54.1
2025-05-15,50.4,56.2,71,15.1,2.20,51.6
2025-05-16,55.4,58.1,81,15.9,2.80,53.1
2025-05-17,57.1,57.4,88,17.9,11.20,53.6
2025-05-18,59.5,60.7,69,14.6,1.00,53.1
2025-05-19,52.0,58.6,77,26.3,8.30,53.0
2025-05-20,54.9,60.2,73,23.8,0.60,53.7
2025-05-21,56.9,60.2,75,12.5,3.10,53.5
2025-05-22,64.7,64.0,70,11.3,0.00,55.8
2025-05-23,63.0,63.9,70,16.0,0.10,55.4
2025-05-24,70.3,71.4,66,17.4,0.00,58.2
2025-05-25,65.9,70.2,64,15.8,0.00,60.1
2025-05-26,62.3,67.8,64,19.5,0.90,59.3
2025-05-27,67.0,70.2,59,15.9,0.00,60.1
2025-05-28,80.1,82.0,55,22.7,0.00,66.7
2025-05-29,66.3,65.8,72,22.1,6.30,59.2
2025-05-30,73.5,74.4,59,14.0,0.00,60.7
2025-05-31,57.1,60.5,67,14.9,1.30,57.4
2025-06-01,60.5,63.8,65,13.6,0.00,57.1
2025-06-02,63.3,67.6,59,14.9,0.00,59.0
2025-06-03,70.6,73.5,54,15.5,0.00,61.9
2025-06-04,68.5,70.4,65,6.3,0.10,62.1
2025-06-05,72.3,73.3,65,14.4,0.00,64.2
2025-06-06,78.4,77.7,60,15.7,0.00,66.9
2025-06-07,74.7,76.4,59,16.5,0.00,67.4
2025-06-08,85.0,84.9,49,13.8,0.00,73.1
2025-06-09,81.1,82.8,47,16.5,0.00,71.8
2025-06-10,78.0,80.2,49,14.1,0.00,68.9
2025-06-11,72.5,74.2,62,17.2,0.00,62.8
2025-06-12,66.4,70.6,62,16.4,0.00,58.8
2025-06-13,62.8,65.6,64,13.9,0.00,58.0
2025-06-14,66.4,68.2,57,18.0,0.00,59.2
2025-06-15,69.2,70.1,59,13.6,0.00,60.5
2025-06-16,74.2,76.1,59,17.4,0.00,61.9
2025-06-17,73.9,75.3,56,15.4,0.00,64.1
2025-06-18,64.8,69.6,64,23.7,1.00,62.8
2025-06-19,65.7,68.0,60,14.1,0.00,60.4
2025-06-20,60.1,63.2,64,13.9,0.20,57.7
2025-06-21,60.5,61.5,80,23.5,5.90,56.6
2025-06-22,68.9,68.7,73,9.4,0.00,61.3
2025-06-23,74.8,74.3,70,13.6,0.00,63.6
2025-06-24,78.5,77.2,65,13.0,0.00,65.6
2025-06-25,67.2,70.8,66,16.6,0.20,63.2
2025-06-26,63.3,66.2,77,14.6,2.70,60.2
2025-06-27,65.9,67.7,71,14.0,0.20,61.3
2025-06-28,72.7,72.6,70,15.0,0.00,63.5
2025-06-29,72.9,75.5,60,18.1,0.00,65.8
2025-06-30,80.3,81.1,57,16.5,0.00,70.4
2025-07-01,79.6,80.1,61,17.4,0.00,69.2
2025-07-02,78.2,77.9,62,23.8,0.00,64.9
2025-07-03,68.0,71.4,58,14.4,0.00,62.1
2025-07-04,75.2,75.7,60,15.8,0.00,64.3
2025-07-05,75.5,76.3,58,16.2,0.00,64.8
2025-07-06,75.0,77.0,57,15.9,0.00,65.7
2025-07-07,79.6,80.9,57,15.4,0.00,69.2
2025-07-08,88.8,84.9,58,21.6,0.00,70.0
2025-07-09,68.7,71.3,77,22.3,2.20,64.9
2025-07-10,69.7,72.0,64,13.2,0.70,64.7
2025-07-11,78.7,81.3,59,15.9,0.00,68.8
2025-07-12,79.7,79.9,63,14.3,0.00,70.2
2025-07-13,85.5,85.4,57,15.7,0.00,73.4
2025-07-14,76.4,76.2,64,18.6,0.00,68.8
2025-07-15,82.8,84.5,55,18.5,0.00,72.7
2025-07-16,93.4,91.7,45,16.6,0.00,76.9
2025-07-17,84.0,82.9,57,12.7,0.00,71.9
2025-07-18,75.8,76.6,65,16.0,0.00,67.4
2025-07-19,68.7,70.1,67,11.4,0.30,62.7
2025-07-20,71.2,73.1,67,10.4,0.00,63.0
2025-07-21,79.5,79.4,66,11.3,0.00,67.1
2025-07-22,80.7,78.7,67,14.7,0.00,66.8
2025-07-23,84.3,81.4,69,14.6,0.00,68.5
2025-07-24,79.0,78.6,66,15.1,0.00,67.2
2025-07-25,70.3,71.6,69,17.7,0.50,62.8
2025-07-26,74.2,74.5,67,10.7,0.00,63.9
2025-07-27,77.1,77.3,63,15.8,0.00,65.6
2025-07-28,79.7,79.5,61,16.8,0.00,66.4
2025-07-29,80.2,81.7,51,14.7,0.00,69.2
2025-07-30,80.3,81.2,53,13.1,0.00,69.9
2025-07-31,82.8,82.0,60,12.8,0.00,70.9
2025-08-01,82.8,80.8,66,13.2,0.00,69.5
2025-08-02,79.3,78.2,72,16.7,0.00,67.0
2025-08-03,73.3,74.2,66,15.2,0.00,65.1
2025-08-04,73.7,75.0,65,13.9,0.00,65.6
2025-08-05,77.2,78.9,62,15.5,0.00,68.0
2025-08-06,70.6,71.4,81,20.2,7.80,65.4
2025-08-07,68.3,68.6,75,13.0,3.40,63.1
2025-08-08,72.7,72.1,71,11.4,0.00,63.6
2025-08-09,76.1,76.0,67,13.3,0.00,66.4
2025-08-10,82.0,82.9,63,16.9,0.00,71.8
2025-08-11,81.5,83.5,57,20.9,0.00,74.6
2025-08-12,87.5,88.8,54,15.3,0.00,77.4
2025-08-13,82.1,83.6,64,21.8,0.00,71.3
2025-08-14,75.0,77.2,65,16.6,4.90,67.3
2025-08-15,67.2,68.0,91,26.2,21.70,65.1
2025-08-16,71.5,72.3,79,22.6,1.50,65.9
2025-08-17,73.4,71.9,78,14.4,0.00,64.3
2025-08-18,72.0,74.2,71,13.8,0.00,65.5
2025-08-19,72.8,71.4,77,14.2,0.00,65.0
2025-08-20,71.0,70.7,68,14.2,0.00,63.7
2025-08-21,70.4,72.8,64,16.1,0.00,63.9
2025-08-22,78.7,80.9,57,17.1,0.00,69.5
2025-08-23,81.8,83.4,51,16.4,0.00,73.0
2025-08-24,85.9,85.9,51,10.9,0.00,74.2
2025-08-25,84.0,85.8,55,10.9,0.00,73.6
2025-08-26,83.6,84.7,60,10.5,0.00,72.8
2025-08-27,79.7,80.2,67,13.9,0.00,70.7
2025-08-28,82.9,79.6,74,11.7,0.20,70.6
2025-08-29,82.2,77.9,80,7.6,0.00,68.0
2025-08-30,75.8,73.0,84,11.3,0.00,64.4
2025-08-31,76.6,73.2,81,9.4,1.40,65.3
2025-09-01,75.4,73.0,87,9.3,0.00,63.5
2025-09-02,74.7,73.5,80,12.1,0.00,65.6
2025-09-03,77.2,75.1,79,10.5,0.00,66.2
2025-09-04,79.1,76.3,81,9.2,0.00,66.6
2025-09-05,79.6,76.1,82,13.3,0.00,66.2
2025-09-06,75.0,70.9,87,12.6,1.40,64.6
2025-09-07,72.0,71.4,78,13.0,0.00,64.6
2025-09-08,71.4,70.8,79,10.9,0.00,64.1
2025-09-09,72.3,72.6,76,9.6,0.00,64.2
2025-09-10,71.7,71.3,78,9.2,0.00,63.3
2025-09-11,74.0,72.1,84,10.7,0.00,62.0
2025-09-12,70.1,70.3,78,6.8,0.00,63.3
2025-09-13,74.7,76.6,75,14.3,0.00,65.3
2025-09-14,65.4,68.5,79,19.3,4.00,62.5
2025-09-15,64.0,67.1,70,14.6,0.00,60.8
2025-09-16,86.3,87.5,59,18.5,0.00,70.1
2025-09-17,75.1,76.3,62,18.9,0.00,67.0
2025-09-18,65.3,68.9,66,17.9,0.00,62.2
2025-09-19,69.9,71.9,67,12.7,0.00,62.2
2025-09-20,73.0,76.0,70,18.7,0.00,63.2
2025-09-21,65.7,66.3,81,20.0,14.50,60.8
2025-09-22,66.6,67.4,76,10.8,0.00,59.8
2025-09-23,66.5,68.5,73,14.3,0.00,60.6
2025-09-24,66.2,67.3,76,12.3,0.00,60.6
2025-09-25,60.2,62.2,77,10.3,0.00,57.0
2025-09-26,65.7,68.7,73,11.8,0.00,59.8
2025-09-27,70.1,71.2,73,18.6,0.40,62.1
2025-09-28,70.1,72.2,78,13.5,0.00,61.7
2025-09-29,63.3,63.1,88,13.8,11.30,60.6
2025-09-30,64.3,68.6,78,21.3,4.30,60.0
